"Name","Mmax","Color","Spec. Type","R.A.","Dec.","R.A.'","Dec.'","vâ˜‰","vgal","Pbound","dL (kpc)"
"J1637+3631","-6.66241","-0.0147,-0.30379","","16:37:12.2146","+36:31:55.8776","-18.496","64.253","284710","284883","2.2746e-05","2.16067"
"J004330.06+405258.4","-21.778","2.2193","M2","00:43:30.06,00:43:30.0752","+40:52:58.4,+40:52:58.0831","0.304","-0.734","-630","2928.91","2.2746e-05","695.844"
"D6-1","-9.77065","0.4674","","16:37:31.674,16:37:31.674","-74:20:36.5949,-74:20:36.5949","-80.253","-195.91","1200","2467.26","2.2746e-05","2.37819"
"D6-3","-8.88202","0.4084","","18:52:01.885,18:52:01.885","+62:02:10.2031,+62:02:10.2031","8.981","211.455","-20","2341.28","2.2746e-05","2.35787"
"S5-HVS1","-13.6792","-0.0083","","22:54:51.6829","-51:11:44.1876","35.328","0.588","1017","1693.46","2.2746e-05","8.63488"
"HVS22","-14.4068","-0.0288,-0.20811","A, B","11:41:46.44,11:41:46.4444","+04:42:17.29,+04:42:17.2969","0.184","1.987","597.8","1410.53","0.000118295","85.0018"
"GaiaDR2 609705","-15.3911","0.5996","","14:01:26.2724","-45:24:05.5327","-61.096","-24.729","","1406.42","0.00031728","5.11053"
"D6-2","-8.23907","0.4027,0.13729","","21:38:26.9972,21:38:26.9972","+25:22:25.3614,+25:22:25.3614","98.385","240.352","20","1317.52","2.2746e-05","0.985965"
"HVS19","-14.8594","0.1041,-0.23872","A","11:35:17.75,11:35:17.7529","+08:02:01.49,+08:02:01.4263","-0.295","0.413","597,592.8","1161.63","2.2746e-05","97.8487"
"GaiaDR2 184245","-12.0568","1.2177","","20:50:02.1801","+24:00:47.8198","-131.96","-108.692","","1150.47","0.0436152","1.49775"
"HVS2","-11.4019","-0.5153,-0.51003","O, B, O8","09:33:20.86,09:33:20.8553","+44:17:05.4,+44:17:05.523","-6","2","917,793.27","992.589","2.2746e-05","8.44896"
"SDSSJ140306.54+145005.0","-14.3915","-0.0689,-0.17906","A","14:03:06.54,14:03:06.5428","+14:50:05,+14:50:04.9257","-3.132","-1.731","279","951.374","0.150512","60.9885"
"GaiaDR2 491207","-10.0216","1.6133","","01:50:02.7372","-54:25:00.1771","-101.332","-246.802","","883.405","0.0440152","0.73511"
"HVS20","-15.0745","0.3504,-0.24193","A","11:36:37.13,11:36:37.137","+03:31:06.84,+03:31:06.9187","0.453","0.569","504,512.1","876.97","0.00401658","75.9537"
"GaiaDR2 154001","-10.6772","1.0123,0.56498","G5","12:03:54.5823","+46:45:29.9388","-82.028","-118.287","-194.89","873.276","0.00101683","1.62005"
"GD492","-8.53721","0.2303","","14:06:35.45,14:06:35.2268","+74:18:58.0,+74:19:00.3176","-56","148","497.6,499","845.106","0.000118295","0.61869"
"J1603-6613","-8.75136","0.1431","","16:03:04.0585","-66:13:26.883","39.813","-7.06","-485","837.35","0.00031728","1.99696"
"HVS16","-14.8506","-0.2071,-0.26511","A, B","12:25:23.4,12:25:23.4031","+05:22:33.84,+05:22:33.8,+05:22:33.8917","-1.895","-1.145","429.8,443","830.882","0.0274158","71.7097"
"GaiaDR2 368538","-12.7686","0.9300,-6.46443","","12:59:05.155","-02:32:49.9046","26.92","-134.331","","828.433","0.0220159","1.47161"
"HVS3","-17.7544","-0.4023","B","04:38:12.8,04:38:12.7843","-54:33:12,-54:33:11.8101","-0.6","-6.2","723","821.48","2.2746e-05","61.6395"
"SDSSJ154556.10+243708.9","-14.4619","0.3223,-0.18961","A","15:45:56.1,15:45:56.0964","+24:37:08.9,+24:37:08.8012","-0.867","-1.09","193","810.1","0.154912","88.4326"
"GaiaDR2 384145","-11.6296","0.8623,0.46588","G7","09:34:09.2098","+01:35:16.7017","7.288","-81.394","-7.7706","807.376","0.0243159","2.51217"
"GaiaDR2 294666","-12.0028","1.0916","","06:44:34.7473","-17:02:51.0142","54.424","11.058","","806.278","0.0276158","3.24127"
"GaiaDR2 204726","-10.3402","1.4479","","19:37:32.4976","+34:26:22.2201","-0.26","96.358","","784.985","0.0132162","1.57803"
"GaiaDR2 405574","-7.47204","2.0878","","17:51:45.3032","-31:14:04.1791","119.838","102.689","","782.573","0.0128163","0.725177"
"GaiaDR2 669885","-11.8457","0.8056","","20:00:27.7305","-34:21:43.6551","-38.966","-86.57","","763.959","0.079814","2.22454"
"HVS21","-15.5005","-0.1681,-0.31723","B","10:34:18.25,10:34:18.2556","+48:11:34.57,+48:11:34.6071","0.099","-0.263","355,356.8","751.575","0.00281664","113.102"
"GaiaDR2 439610","-6.37193","1.7155","","15:50:11.4477","-07:53:17.3992","-359.688","-228.417","","749.328","0.0434152","0.487988"
"GaiaDR2 446732","-15.0757","0.9981,0.53277","","16:27:06.8263","+18:08:43.2864","-2.799","-36.58","","747.465","0.176811","5.16891"
"GaiaDR2 432697","-15.9791","1.8738","","16:35:34.152,16:35:34.1508","-14:31:06.384,-14:31:06.3674","-20.546","-33.974","-220.39","739.991","0.357105","5.08248"
"GaiaDR2 182029","-15.7705","1.3357","","19:55:16.3538","+16:25:02.8936","-5.245","-27.371","","712.946","0.232709","6.43312"
"HVS1","-15.3331","0.0487,-0.23907","B, B9, A","09:07:44.99,09:07:45.0,09:07:44.9916","+02:45:06.9,+02:45:07,+02:45:06.89,+02:45:06.88,+02:45:06.8706","0.08","-0.12","829.7,831.1","705.936","2.2746e-05","99.3,107.085"
"GaiaDR2 584721","-16.7282","1.5167","","13:50:38.344","-68:51:01.3857","-15.908","-7.345","260.08","694.854","0.233509","10.1893"
"HVS13","-14.71","0.0514,-0.25515","B","10:52:48.3,10:52:48.31,10:52:48.3066","-00:01:33.94,-00:01:33.9,-00:01:33.8742","-0.9","0.46","575,569.3,568.1","693.022","0.000417128","95.2"
"GaiaDR2 124047","-14.2083","0.9895,0.50845","","14:24:01.5442","+20:27:19.045","-18.422","-52.998","","686.512","0.170611","3.40268"
"SDSSJ032054.69-060616.0","-15.0712","-0.0654,-0.28988","B, B9","03:20:54.69,03:20:54.6981","-06:06:16,-06:06:16.1224","4.389","-3.613","314,295.54","678.831","0.293207","31.172"
"GaiaDR2 359344","-13.9263","0.8879,0.45352","","11:37:01.8172","-06:09:35.3682","-36.354","-47.945","","670.483","0.227009","3.05786"
"SDSSJ101359.79+563111.7","-14.2548","0.2028,-0.28134","A, B","10:13:59.79,10:13:59.7915","+56:31:11.65,+56:31:11.7,+56:31:11.6234","-0.06","0.615","222,228","663.066","0.0840139","64.8765"
"HVS6","-14.75","-0.0829,-0.29497","B9, B","11:05:57.45,11:05:57.4508","+09:34:39.47,+09:34:39.5,+09:34:39.4955","0.05","0.31","609.4,619.3","662.661","2.2746e-05","57.7"
"HVS9","-15.2834","0.0495,-0.23671","B, B9, A","10:21:37.08,10:21:37.0844","-00:52:34.8,-00:52:34.77,-00:52:34.7364","-1.26","-0.25","622,616.8","654.969","0.000616967","66.6,66.0477"
"HVS5","-14.516","0.0297,-0.21572","B, B8, A","09:17:59.48,09:17:59.5,09:17:59.47,09:17:59.4745","+67:22:38.3,+67:22:38,+67:22:38.35,+67:22:38.3622","0.55","-0.44","542.5,545.5","653.473","0.000217566","31.2,31.0965"
"GaiaDR2 685183","-16.7717","1.5141","","20:06:20.0083","-23:32:54.6228","-9.282","-28.676","-11.94","640.048","0.454502","6.09019"
"GaiaDR2 252587","-10.2123","1.3299,1.03592","","00:51:38.8714","-04:10:57.6399","257.341","-162.883","","639.664","0.0651145","0.594963"
"Li10","-11.9663","0.8310,0.43376","F, G, K, F9","11:52:09.12,11:52:09.0989","+12:02:58,+12:02:58.3018","-32.11","19.24","234,203.86","633.903","0.146712","3.12911"
"GaiaDR2 265505","-12.6186","0.7314,-0.35311","","22:56:47.0052","+01:06:06.0171","84.99","-65.814","","623.432","0.137612","1.5624"
"GaiaDR2 157034","-12.7371","0.7402,0.34810","F7","12:53:44.8919","+55:03:28.5003","-23.742","-39.545","-224.95","622.035","0.180311","3.81593"
"GaiaDR2 593586","-17.5611","1.7830","","16:55:36.6984,16:55:36.6981","-53:17:55.248,-53:17:55.2372","5.47","6.358","308.41","620.426","0.4913","8.84409"
"GaiaDR2 453525","-15.8733","1.1795","","18:33:47.4089","+23:07:00.2055","14.316","-24.984","","602.29","0.310706","4.66543"
"GaiaDR2 577895","-15.305","0.9946","","16:17:10.2887","-77:47:27.2581","-23.508","-10.69","","601.444","0.419603","6.41665"
"HVS4","-16.0863","-0.1987,-0.37141","B, B8, A, B9","09:13:01.01,09:13:01.0,09:13:01.0029","+30:51:19.8,+30:51:20,+30:51:19.83,+30:51:19.8697","-0.23","-0.42","604.6,600.9,604.54","595.668","0.000217566","78.3,78.529"
"LAMOST-HVS4","-15.4002","0.0086","B6","22:58:37.56,22:58:37.5585","+40:00:05.2,+40:00:05.4087","-3.9","1.6","359","590.549","0.00101683","27.9,28.0153"
"SDSSJ104318.29-013502.51","-14.8767","0.1510,-0.25764","A, B","10:43:18.29,10:43:18.2914","-01:35:02.51,-01:35:02.5462","0.662","-0.193","448,447.7","588.671","0.120713","73.9414"
"GaiaDR2 582725","-17.4442","1.7167","","15:41:13.8862","-62:22:09.1795","-17.337","-9.305","51.12","586.839","0.536299","8.34163"
"GaiaDR2 586247","-16.7133","1.6840","","13:13:52.3252","-62:47:57.9877","-28.996","-14.442","80.31","585.459","0.487","4.66551"
"GaiaDR2 148452","-12.3685","0.6399,0.24407","","14:19:54.2872","+37:40:09.6321","-42.914","-17.258","","583.558","0.362205","3.61313"
"GaiaDR2 152778","-12.9108","0.7668,0.39453","","12:58:44.0579","+42:21:55.0997","-44.359","-25.902","","578.828","0.341905","3.26828"
"GaiaDR2 606523","-16.9178","1.8037","","13:34:19.8518","-55:35:58.2504","-21.322","-6.068","103.96","578.5","0.514","7.04541"
"HVS15","-14.876","0.1015,-0.29082","A, B, A0","11:33:41.09,11:33:41.0917","-01:21:14.25,-01:21:14.2,-01:21:14.3249","-0.498","-0.487","461,463,450.97","574.572","0.132512","67.3671"
"SDSSJ094014.56+530901.7","-13.6415","0.0593,-0.18125","A","09:40:14.56,09:40:14.5597","+53:09:01.7,+53:09:01.772","-0.089","-1.538","235,190.22","574.162","0.381604","56.6279"
"HVS18","-14.8356","0.0481,-0.20628","B","23:29:04.94,23:29:04.9504","+33:00:11.47,+33:00:11.5249","-0.123","-0.119","251,237.3","570.177","0.00171672","79.9764"
"Gaia-T-ES3","-13.9604","1.1009,0.65425","","22:23:20.0116","-02:31:10.826","148.112","-13.386","-219.67","569.204","0.221109","0.871216"
"GaiaDR2 479813","-12.5737","0.6207","","05:18:07.4149","-47:12:38.4262","24.546","-25.196","","566.703","0.344205","4.17781"
"GaiaDR2 600991","-16.7886","1.5509","","15:44:35.8846","-37:01:51.8743","-20.426","-5.977","-145.44","566.401","0.680894","6.98337"
"Gaia-T-ES1","-13.718","0.8078","","04:09:02.2037","-02:12:29.1832","16.445","-136.104","1.69","565.541","0.280607","1.14723"
"GaiaDR2 583045","-16.7887","1.4512","","16:32:27.2264","-60:43:43.0757","-12.56","-16.593","155.85","564.695","0.596497","7.87289"
"GaiaDR2 643762","-15.9329","1.1931","","18:23:05.342","-65:27:33.0393","-36.102","-29.25","252.85","564.272","0.519199","3.37862"
"GaiaDR2 407324","-17.4226","1.834","","18:41:04.4712,18:41:04.471","-26:17:17.016,-26:17:17.0253","-3.596","6.231","-191.77","562.454","0.705393","10.3519"
"GaiaDR2 138327","-17.7986","1.1573,1.05430","G8","16:01:20.964,16:01:20.9636","+41:10:00.372,+41:10:00.3868","-25.759","-9.745","-180.9,-186.77","560.531","0.388204","5.72804"
"GaiaDR2 436621","-16.5807","1.5371,1.57873","","17:04:14.7374","-02:40:30.8978","-19.285","6.029","-132.81","557.918","0.704393","6.11573"
"LAMOST-HVS1","-17.749","-0.2316,-1.63608","B1, B2, B2.5, A0","09:12:06.52,09:12:06.53,09:12:06.5201","+09:16:21.8,+09:16:21.8785","-4","-4.9","611.65,620.57","557.586","0.00941637","13.4,13.5665"
"GaiaDR2 663065","-16.9325","1.3285","","18:11:42.6192","-63:25:48.6486","-16.324","-22.681","148.33","555.395","0.624596","5.87195"
"GaiaDR2 669414","-16.6505","1.1515","","20:15:22.9333","-37:40:18.5084","-27.189","-42.397","-19.98","553.266","0.597597","3.20814"
"GaiaDR2 456362","-17.3137","1.2990,-0.56785","","16:31:00.639","+19:17:58.6831","-23.107","-4.043","-41.67","553.209","0.538399","6.38347"
"GaiaDR2 525299","-17.8223","1.8056","","10:14:13.3146","-62:22:30.2477","-12.074","5.346","109.24","552.558","0.465001","9.7487"
"Li2","-11.1224","0.8242,0.39858","F, G, K","17:03:33.23,17:03:33.2004","+37:31:02.3,+37:31:02.5147","-22.6","18.79","-60,-160.84","551.967","0.472601","4.29224"
"SDSSJ140432.38+352258.4","-15.6055","-0.0856,-0.28551","A, B, B8, B9","14:04:32.38,14:04:32.3802","+35:22:58.41,+35:22:58.4,+35:22:58.4242","-3.197","-0.953","228,223,194.23","549.477","0.0933136","41.9885"
"GaiaDR2 645658","-16.7845","1.0833","","21:09:26.6136,21:09:26.614","-57:54:44.64,-57:54:44.6408","13.002","-18.263","-15.85","544.677","0.601897","6.8114"
"NHCb","-8.02383","1.3803,1.15529","K, M","01:56:45.407,01:56:45.4287","-00:18:00.396,-00:18:01.6256","27.52","-108.89","-235.4","539.559","0.554098","1.31471"
"GaiaDR2 591959","-16.9128","1.2789","","17:43:35.182","-56:06:14.6326","-11.03","-20.088","212.1","538.995","0.706693","6.96457"
"Gaia-T-ES8","-17.1588","1.3460","","06:16:51.7262","-78:26:21.3231","9.975","-34.428","298.2","536.818","0.434202","2.68098"
"GaiaDR2 131224","-15.1678","0.3049,-0.11786","","16:40:40.7121","+30:09:50.2603","-0.789","-23.851","","536.455","0.559298","5.67331"
"Gaia-T-ES2","-15.959","1.4655","","09:16:08.0873","-58:53:24.3927","13.98","-16.885","","536.443","0.463401","4.6992"
"SDSSJ175010.68+262448.38","-10.321","0.854,0.43290","F, G, K, M","17:50:10.68,17:50:10.6722","+26:24:48.38,+26:24:48.3582","-18.281","1.961","-359.01","528.313","0.629496","6.61497"
"SDSSJ013655.91+242546.0","-14.3277","0.2954,-0.03690","A","01:36:55.91,01:36:55.9018","+24:25:46.0,+24:25:45.9","-2.2","-8.2","324.3,300.71","528.164","0.112713","9.86346"
"GaiaDR2 670007","-17.6506","1.3916","","20:17:17.4936,20:17:17.4947","-32:24:56.772,-32:24:56.7609","-7.243","4.955","22.49","524.172","0.748892","8.52207"
"GaiaDR2 535301","-17.8269","2.2005","","10:48:46.4286","-55:01:35.2862","-9.213","25.447","275.05","523.786","0.586097","4.36105"
"GaiaDR2 478386","-13.1138","0.8352","","04:56:00.7478","-50:19:44.4935","24.701","-23.819","","523.771","0.5006","4.06414"
"GaiaDR2 499824","-16.3565","1.1441","","00:12:48.6899","-38:37:29.0746","16.677","-30.898","-139.84","520.538","0.558498","4.44142"
"Gaia-T-ES4","-17.6732","1.2526","","22:47:40.3178","-55:37:31.6713","37.547","-15.275","-38.22","518.821","0.647395","3.29769"
"LAMOST-HVS2","-16.7449","-0.2924,-0.41299","B2","16:20:20.77,16:20:20.7634","+37:47:39.9,+37:47:39.9774","-2.563","-0.924","341.1","516.086","0.0745142","20.8931"
"m176","-13.3764","1.8919","","18:00:13.08,18:00:13.0733","-27:15:39.1,-27:15:39.1757","8.08","4.41","-372","515.316","0.999183","7.33904"
"GaiaDR2 401508","-15.4681","0.43347","","12:21:53.8624","+31:04:46.0485","-62.98","-6.651","","514.287","0.587597","2.08794"
"GaiaDR2 583501","-16.9899","1.6987","","16:18:04.7496","-58:19:43.3498","-16.309","-13.739","106.78","510.347","0.710293","7.18352"
"GaiaDR2 374146","-15.823","0.7135,2.34822","","13:34:14.2891","+14:00:12.4637","-29.002","4.305","-55.38","508.927","0.622496","4.19577"
"Gaia-T-ES19","-14.88","1.1079,0.74780","","21:49:48.5961","+10:48:42.9045","-58.048","-11.483","-271.83","508.905","0.667094","1.66753"
"HD271791","-19.4379","-0.2477","B2, B3","06:02:27.88,06:02:27.8774","-66:47:28.68,-66:47:28.6227","-1","6.2","441","506.941","0.273808","20.4446"
"Gaia-T-ES21","-17.4038","1.9623","","13:28:23.8454","-60:35:16.6819","-27.719","26.91","380.53","506.805","0.744892","2.9302"
"HVS7","-15.6439","-0.1081,-0.31895","B, B7, A, A0","11:33:12.12,11:33:12.1224","+01:08:24.9,+01:08:24.5,+01:08:24.87,+01:08:24.842","1","-0.55","524,526.9,517.95","504.696","0.0108163","48.2,47.5414"
"GaiaDR2 390588","-15.0453","1.0143,0.62779","","12:05:00.9375","+09:27:20.5313","-35.878","-52.224","149.72","504.076","0.613296","2.45004"
"HVS12","-13.77","-0.0036,-0.24175","A, A0","10:50:09.59,10:50:09.6,10:50:09.5976","+03:15:50.67,+03:15:50.7,+03:15:50.6164","-0.4","0.31","552.2,545,503.21","501.399","0.0116163","51.7"
"Gaia-T-ES10","-15.231","1.0504","","19:57:08.1123","+55:29:49.051","27.848","-5.483","-343.94","501.292","0.652895","3.29884"
"HVS8","-14.7658","-0.0804,-0.28501","B, B9, A","09:42:14.04,09:42:14.03,09:42:14.0364","+20:03:22.1,+20:03:22.07,+20:03:22.0443","-0.82","-0.04","499.6,499.3","499.637","0.0259158","37.2,36.386"
"Gaia-T-ES7","-15.8093","1.1052","","22:12:27.2198","-68:10:06.9457","-18.709","-6.567","-8.16","498.069","0.778691","4.74342"
"Gaia-T-ES5","-17.5991","1.5857","","07:08:47.7994","-76:13:09.6041","12.169","35.917","159.87","497.749","0.708093","3.41969"
"Gaia-T-ES25","-18.8693","2.2211,-1.373317","","02:15:00.1417","+12:14:24.3136","61.029","45.177","-166.06","494.824","0.695393","1.25404"
"GaiaDR2 196485","-16.9592","1.4493","","21:18:36.9133","+38:14:04.3219","10.716","10.553","-150.97","494.484","0.612096","6.54871"
"Gaia-T-ES16","-16.0994","1.1027","","11:33:40.2943","-85:06:06.0067","-48.487","1.248","171.15","493.326","0.81059","2.57046"
"GaiaDR2 143619","-16.5436","1.1222,1.33972","","17:47:28.6788","+61:18:52.8535","10.685","-9.426","-213.28","490.734","0.629496","5.68848"
"MoniBidin390","-17.218","-0.2187","","06:59:57.946","-66:18:27.6298","2.182","1.129","284","490.387","0.102013","50.12"
"GaiaDR2 583968","-15.9241","1.8704","","13:57:44.9058","-72:08:58.7576","-22.745","-3.175","175.38","490.134","0.704393","6.01347"
"RAVEJ154401.1-162451","-16.6184","1.4797,2.20890","","15:44:01.1,15:44:01.0575","-16:24:51,-16:24:51.4804","2.6","3.8","-403.2,-403.21","489.776","0.992784","5.32041"
"HVS24","-14.7261","-0.1242,-0.27945","A, B","11:11:36.44,11:11:36.4438","+00:58:56.44,+00:58:56.4248","0.301","-0.408","496,492.5","487.445","0.111113","55.4498"
"HVS17","-15.9838","-0.1608,-0.38401","B","16:41:56.39,16:41:56.3868","+47:23:46.12,+47:23:46.0556","-1.034","-1.065","246,250.2","487.375","0.0145162","48.8789"
"Gaia-T-ES13","-15.4424","0.8705,0.48556","G0","13:38:40.5711","+48:09:23.5205","-58.703","8.383","-83.59,-82.743,-69.73","485.224","0.748792","2.07296"
"GaiaDR2 665655","-16.5832","1.1736","","19:05:55.4139","-52:40:45.4074","2.308","-18.825","-85.25","484.506","0.79299","7.43026"
"Gaia-T-ES6","-14.9703","1.0866,2.15899","","12:51:03.4088","+04:56:27.9143","15.037","-32.292","88.65","483.109","0.742692","3.2227"
"GaiaDR2 607502","-14.2219","1.0729","","12:53:09.058","-52:41:43.4116","-113.448","3.825","","482.345","0.730292","1.15996"
"GaiaDR2 584699","-16.2118","1.6279","","14:04:21.5478","-69:20:42.412","-16.202","-2.69","31.43","479.548","0.711493","7.95712"
"Gaia-T-ES12","-15.0958","0.8497","","22:44:56.3899","-67:57:53.5816","0.322","-46.029","-11.46","479.142","0.80749","3.04301"
"Gaia-T-ES20","-15.3527","1.1291","","01:56:52.6403","+36:39:56.917","-4.089","-62.433","-120.65","479.05","0.725592","1.88209"
"GaiaDR2 583161","-17.8796","1.9041","","16:29:48.5712,16:29:48.5702","-59:58:02.568,-59:58:02.5858","4.405","1.532","258.29","479.023","0.768991","11.4943"
"GaiaDR2 643159","-17.0722","1.2831","","18:18:45.1013","-70:14:57.5627","4.551","4.974","259.08","478.507","0.882987","7.77714"
"GaiaDR2 660161","-16.555","1.2058","","22:26:20.1829","-32:09:07.0005","18.823","-11.003","-137.47","476.711","0.763691","5.87865"
"GaiaDR2 211230","-16.4578","1.0412","","18:11:34.673","+39:53:23.2867","-21.916","-12.599","-107.02","471.834","0.781591","4.87305"
"Gaia-T-ES11","-14.8308","1.2421,2.14194","","08:39:11.765","+62:30:04.5766","-33.08","-41.029","73.92","468.06","0.767391","2.34577"
"Gaia-T-ES28","-15.3782","1.2217,1.17086","","00:00:21.9748","+25:19:21.3251","85.248","-31.197","-303.49","467.338","0.79319","1.39866"
"SDSSJ144846.9+614802.3","-3.8541","2.7541,1.75662","M5, M2","14:48:46.9,14:48:47.2132","+61:48:02.3,+61:47:47.4165","154","-973","-104,-133.52","466.137","0.972584","0.102053"
"Gaia-T-ES29","-15.1146","1.1781","","17:55:43.7178","-77:31:45.9661","-4.894","-36.588","27.84","465.455","0.869888","3.47611"
"GaiaDR2 652461","-15.0739","1.0360","","23:45:04.9369","-49:12:15.1902","23.698","-11.048","","461.741","0.769691","5.09364"
"Gaia-T-ES23","-14.8528","1.0221","","03:02:00.1239","-52:22:28.5374","56.167","-3.867","25.35","461.368","0.887387","2.28382"
"HVS10","-14.2489","0.0130,-0.28365","B, B9, A","12:03:37.85,12:03:37.86,12:03:37.8537","+18:02:50.4,+18:02:50.35,+18:02:50.3697","-1.07","-0.58","462,467.9,456.43","460.87","0.0410153","54.2,51.7955"
"B733","-14.2","-0.0681,-0.29950","B, A1","14:49:55.58,14:49:55.5747","+31:03:51.3,+31:03:51.4,+31:03:51.3123","-1.77","-3.71","348.8,350.8","460.399","0.914286","9.9"
"mpHVS11","-10.2247","0.8549,0.38055","F","12:48:14.84,12:48:14.8254","+28:40:10.2,+28:40:10.1271","-20.48","-16.9","361,342.62","458.308","0.932186","4.25747"
"mpHVS8","-10.7892","0.7046,0.28182","F","12:11:12.12,12:11:12.1126","+40:20:29.5,+40:20:29.3069","-14.12","-14.78","340,334.16","457.461","0.835289","5.65097"
"2MASS17464606-3937523","-16.9359","2.1352","M","17:46:46.06,17:46:46.0604","-39:37:52.3,-39:37:52.5069","-5.521","-8.166","447","457.361","0.78509","7.20337"
"SDSSJ112255.77-094734.92","-15.2758","-0.0656,-0.29017","A, B","11:22:55.77,11:22:55.7754","-09:47:34.92,-09:47:34.8878","-2.321","-0.157","482,482","454.619","0.239809","35.8837"
"SDSSJ154806.92+093423.93","-14.8663","0.0315,-0.27094","A, B","15:48:06.92,15:48:06.9276","+09:34:23.93,+09:34:23.8864","-1.326","-0.974","206,215.1","453.476","0.393104","60.8415"
"GaiaDR2 439539","-17.1113","1.4714,0.28171","","17:15:00.0216,17:15:00.0219","+08:43:53.22,+08:43:53.2103","-9.911","4.848","24.36","450.947","0.886287","7.9552"
"B485","-16.44","-0.2293,-0.36102","B, A0, K7","10:10:18.82,10:10:18.8236","+30:20:28.1,+30:20:28.1674","-1.66","-1.15","408.1,422.9,424.45,404.99","449.709","0.0839139","33.3"
"Gaia-T-ES27","-16.9114","1.1170,0.72658","G3","17:01:08.8623","+46:25:56.3627","-7.158","-30.346","-34.16,-42.271","449.702","0.927486","3.34534"
"TYC 7111-718-1","-15.4197","1.1844","","07:20:22.5356,07:20:22.6467","-33:58:51.891,-33:58:52.0008","90.17","-7.739","76.7,76.31","448.786","0.980684","1.14077"
"SDSSJ074950.24+243841.2","-15.9353","0.0390,-0.23330","A, B, B8","07:49:50.24,07:49:50.2371","+24:38:41.16,+24:38:41.2,+24:38:41.1638","0.475","-0.487","361,352","448.438","0.300307","82.992"
"Li18","-12.129","0.6972,0.28866","F, G, K, F5","13:07:44.34,13:07:44.3334","-00:44:49.5,-00:44:49.4834","-9.72","11.48","14,2.6981","447.617","0.782291","6.28225"
"Gaia-T-ES24","-15.6185","1.1452","","11:27:02.2554","-49:20:09.4271","-21.064","10.735","333.77","446.535","0.842489","4.57002"
"Gaia-T-ES26","-16.3637","1.1400","","18:07:53.0191","+70:12:48.2548","-24.833","21.278","14.6","445.062","0.911586","3.22772"
"Li5","-10.5811","0.7106,0.29680","F, G, K, F3","13:05:48.65,13:05:48.6302","+28:24:10.7,+28:24:10.3008","-21.49","-37.11","114,101.93","443.93","0.738792","3.31424"
"GaiaDR2 210651","-17.2511","1.3450","G8","19:01:56.2596","+45:58:17.9645","3.298","13.166","-212.12,-223.94","442.133","0.886887","6.14511"
"SDSSJ125135.7+581841.7","-6.57103","1.9400,1.46973","M1, M0","12:51:35.7,12:51:35.4748","+58:18:41.7,+58:18:40.8638","-151","-60","12,-7.6231","441.102","0.78849","0.805835"
"mpHVS7","-11.181","0.6892,0.27935","F","12:32:37.34,12:32:37.3422","+16:55:26.9,+16:55:26.8059","7.94","-7.52","396,383.73","440.192","0.967584","6.03256"
"RAVEJ155304.7-060620","-15.2564","1.3200","","15:53:04.7,15:53:04.6893","-06:06:20,-06:06:19.2338","-28","26.9","-317.9,-318.45","439.134","0.998383","1.31023"
"Gaia-T-ES30","-15.3247","1.0929","","03:45:02.4024","-31:09:23.2822","5.131","-29.087","-174.3","434.448","0.957785","3.17029"
"Gaia-T-ES9","-17.874","1.3328,1.01556","","15:37:26.7873","+55:09:44.0406","-31.366","3.521","-168.7","433.207","0.909886","3.86359"
"RdM17","-6.21106","1.8998,1.45881","M0, K7","22:44:03.71,22:44:03.9874","+23:15:32.4,+23:15:32.1184","348.5","-32.2","-161.9,-172.22","432.729","0.993684","0.306357"
"LAMOST-HVS3","-15.208","0.0082,-0.25082","B7","03:21:17.08,03:21:17.0755","+19:07:36.2,+19:07:36.2207","1.509","-0.281","361.38","432.501","0.326306","22.32"
"mpHVS5","-10.7295","0.6791,0.32858","F","12:52:10.66,12:52:10.666","+30:01:47.9,+30:01:47.8739","-13.62","-12.06","365,345.06","430.151","0.971384","7.11627"
"GaiaDR2 472751","-15.5157","0.6294","","03:08:50.4448","-57:11:34.2688","5.115","-19.781","","430.137","0.844089","5.53883"
"GaiaDR2 521781","-17.2833","1.3652","","09:27:19.0904","-73:32:35.8808","-13.27","8.274","375.09","429.182","0.903887","6.35287"
"LMST_HVS14","-10.8201","0.7673,0.31278","F0","09:41:22.37,09:41:22.3205","-00:08:22.2,-00:08:23.2724","-46.5","-67.6","426","428.379","0.79209","1.30043"
"GaiaDR2 215902","-16.8205","1.3301","","18:13:17.1464","+61:19:07.2468","3.988","15.667","-162.28","427.902","0.886887","5.27654"
"RdM8","-5.10943","2.0957,1.64787","M1, M2, M0","12:14:41.21,12:14:41.2,12:14:40.6499","+41:49:24.8,+41:49:19.2814","-516.9","-447.4","-98.5,-117.04","427.217","0.997083","0.200399"
"Gaia-T-ES17","-16.1658","1.5570","","11:05:53.0212","-83:28:28.6291","-21.578","4.239","319.08","426.933","0.925386","4.89105"
"HVS23","-14.851","0.2351,-0.19432","A, B","21:56:29.01,21:56:29.0206","+00:54:44.18,+00:54:44.2154","","","259.3","425.033","0.0158162","112.1"
"HiVel6","-11.1606","0.5964,0.51533","","13:40:02.2557","-00:02:19.9914","-228.84","-80.07","451","424.862","0.999183","0.264323"
"SDSSJ105717.3+462102.2","-3.614","2.6437,2.04248","M7","10:57:17.3,10:57:17.2257","+46:21:02.2,+46:20:55.4105","75","-527","-296","423.228","0.81229","0.199"
"RAVEJ221759.1-051149","-14.9103","1.3123,1.224382","","22:17:59.1,22:17:59.0246","-05:11:49,-05:11:49.2178","-20.4","5","-491,-489.84","422.909","0.998783","0.607703"
"SDSSJ121150.27+143716.2","-11.2905","-0.1614,-0.36026","B, B9","12:11:50.27,12:11:50.2538","+14:37:16.2,+14:37:15.8788","-12.1","-27.2","220.1,234.5,225.88","421.465","0.902687","5.5,5.55094"
"Gaia-T-ES14","-15.1259","0.8324","","08:32:44.6254","-82:58:48.2095","-10.65","21.373","191.8","419.694","0.911286","4.71427"
"B434","-14.9","0.1305,-0.23725","A1, B, B9","11:02:24.37,11:02:24.3751","+02:50:02.8,+02:50:02.8423","-1.61","-0.26","445,451,443.9,445.5,438.14","419.323","0.325906","40.5"
"GaiaDR2 215418","-16.3528","1.2071","","18:37:02.6221","+57:30:23.2942","7.982","-6.166","","417.565","0.903987","6.8691"
"HiVel1","-14.9727","1.2066,0.76786","","03:07:21.559","-00:11:23.7473","39.535","-30.701","407,408.4","417.279","0.998583","1.52267"
"GaiaDR2 147883","-16.1426","1.0016,0.29561","","14:09:54.6502","+33:42:46.5536","-17.612","-16.573","-245.88","416.34","0.871188","5.37994"
"LMST_HVS2","-12.2728","0.7387,0.35482","F5, F4","09:27:07.09,09:27:07.0751","+24:27:52.9,+24:27:52.844","-59.8","-2.7","308,304.89","416.283","0.828389","3.40979"
"GaiaDR2 580263","-16.9578","1.3932","","17:02:52.0872","-74:03:26.8826","-8.721","-15.289","70.53","416.191","0.885987","7.11073"
"LMST_HVS19","-11.2812","0.7471,-1.05388","A0","22:42:07.91,22:42:08.0154","+07:28:08.3,+07:28:07.4993","60.2","-42.7","-436","415.788","0.81289","1.16493"
"SDSSJ115245.91-021116.2","-14.1577","-0.0531,-0.27363","A, B, A1","11:52:45.91,11:52:45.9104","-02:11:16.21,-02:11:16.2,-02:11:16.2216","-0.123","0.171","424,418","414.093","0.547398","30.4097"
"B711","-15.27","-0.0426,-0.27999","B, B9","14:20:01.94,14:20:01.9371","+12:44:04.7,+12:44:04.8,+12:44:04.8002","-0.96","1.55","273.7,271","413.012","0.641295","28.5"
"mpHVS13","-11.4","0.6645,0.27934","F","20:33:28.51,20:33:28.5194","+14:26:07,+14:26:07.1061","5.71","7.27","-492,-505.28","412.63","0.998983","6.5"
"HVS14","-15.2925","0.0314,-0.32157","B","10:44:01.75,10:44:01.7473","+06:11:39.02,+06:11:39,+06:11:39.035","","","532,537.3","407.781","0.0341155","105.079"
"RAVEJ193647.0-590741","-12.18","1.1962","","19:36:47,19:36:46.9869","-59:07:41,-59:07:41.5376","3.5","-8.4","-314,-313.46","407.45","0.998983","0.618"
"SDSSJ103357.26-011507.35","-14.5219","0.0899,-0.19515","A, B","10:33:57.26,10:33:57.259","-01:15:07.35,-01:15:07.4138","-0.973","-0.6","504,502.7","406.993","0.415303","44.3126"
"NHCa","-6.71157","1.6488,1.23688","K, M","21:42:39.126,21:42:39.203","-00:55:50.7,-00:55:52.6077","99.92","-166.12","-439.2","406.097","0.983084","0.499273"
"SDSSJ112359.47+751807.73","-14.407","-0.2152,-0.17718","B9","11:23:59.47,11:23:59.4709","+75:18:07.73,+75:18:07.7369","-0.334","-0.454","140","401.893","0.515299","55.9886"
"GaiaDR2 523933","-18.076","2.0283","","10:35:34.6968,10:35:34.6977","-65:27:55.728,-65:27:55.7458","-6.77","2.544","22.46","400.721","0.821089","12.4109"
"GaiaDR2 635853","-15.9502","1.2073","","22:09:47.0619","-75:01:46.0911","12.48","-11.383","","400.198","0.898387","6.98855"
"GaiaDR2 612412","-16.4961","1.2471","","14:08:03.9937","-32:28:35.067","-19.806","-2.597","85.24","398.55","0.892287","5.90881"
"SDSSJ135855.65+552538.19","-10.717","0.7594,0.34129","F, G, K, M, F0","13:58:55.65,13:58:55.5616","+55:25:38.19,+55:25:38.3052","-58.934","13.96","-18.887,-35.081","398.284","0.993284","1.64995"
"LMST_HVS8","-10.2514","0.7730,0.35347","F5, F6","13:59:31.65,13:59:31.574","+41:31:21.6,+41:31:20.7242","-70.3","-78.4","244,212.17","397.7","0.999483","0.951323"
"LMST_HVS20","-12.5601","0.6561,0.18235","A5, A7","09:18:49.92,09:18:49.8745","-00:53:31.5,-00:53:32.8938","-45.3","-85.7","465,462.88","396.397","0.998583","0.916338"
"Gaia-T-ES18","-15.2715","1.1417","","09:23:15.5369","-26:42:40.1155","-1.008","-26.391","252.54","395.95","0.915986","3.87701"
"mpHVS10","-11","0.6889,0.32306","F","17:18:26.16,17:18:26.1549","+64:57:45.8,+64:57:45.9384","-10.18","0.53","189,182.57","394.582","0.998283","8.5"
"LMST_HVS12","-11.1191","0.6602,0.26225","A0","12:40:20.02,12:40:20.0579","+45:32:59.6,+45:32:58.9264","26.2","-52.8","-195","394.573","0.987384","1.48555"
"SDSSJ080301.1+354848.4","-3.622","2.7050,1.80951","M6, M2","08:03:01.1,08:03:01.1398","+35:48:48.4,+35:48:41.1953","20","-489","105,96.258","393.609","0.914886","0.26694"
"mpHVS4","-11.002","0.6136,0.24364","F","17:29:15.2,17:29:15.1992","+43:17:17.2,+43:17:17.4019","3.52","26.12","-505,-522.56","393.416","0.998783","3.12292"
"mpHVS9","-11","0.7042,0.28164","F","17:27:33.94,17:27:33.9369","+32:24:59.1,+32:24:59.039","-9.13","-2.86","-567,-582.35","392.626","0.998483","10"
"HiVel3","-15.9904","1.0322,-1.35813","G2","09:22:14.2131","+58:24:57.6328","-16.717","-28.388","301,303.82,300.39","392.564","0.999183","1.77077"
"Li6","-10.8322","0.9671,0.4914","F, G, K","13:31:15.5,13:31:15.4908","+15:04:38.9,+15:04:38.9003","-20.87","4.08","-29","392.288","0.953985","5.87122"
"mpHVS12","-11.266","0.6258,0.22708","F","16:09:12.29,16:09:12.2678","+34:57:06.8,+34:57:06.6233","-35.85","2.32","-435,-463.67","392.233","0.998683","3.18688"
"GaiaDR2 158639","-14.7993","0.6444,0.20052","","15:06:03.6702","+46:27:16.0875","-19.591","-9.888","","391.926","0.889087","5.72978"
"RdM20","-7.93623","1.8199,1.34236","M0","23:54:59.63,23:54:59.5643","-00:41:33.2,-00:41:34.1627","-88.8","-69.4","-57.9,-57.284","389.609","0.999683","0.64162"
"LMST_HVS15","-11.209","0.7315,0.33825","F5, F0","07:30:50.71,07:30:50.7232","+29:32:12.6,+29:32:12.2752","21.9","-77.7","-291,-291.7","389.131","0.989984","1.14776"
"Gaia-T-ES15","-16.2502","1.2607","","06:06:13.7577","-60:20:25.7068","3.182","13.026","434.12","388.547","0.985584","5.52469"
"GaiaDR2 583010","-18.1643","1.8270","","16:39:55.008,16:39:55.0092","-61:54:10.26,-61:54:10.2704","-1.072","3.932","143.39","388.308","0.953985","11.952"
"mpHVS3","-11.449","0.6382,0.31068","F","22:26:20.74,22:26:20.7534","+00:41:35.6,+00:41:35.623","17.92","3.19","170,150.63","387.616","0.999183","8.13194"
"SDSSJ150211.7+353152.9","-5.01589","1.8944,1.61125","M0","15:02:11.7,15:02:11.3873","+35:31:52.9,+35:31:49.815","-174","-246","-356,-349.98","387.312","0.998383","0.274911"
"LMST_HVS9","-11.2481","0.6073,0.20393","A0, A6","13:46:21.5,13:46:21.4961","+30:15:48.2,+30:15:47.4697","-15.2","-58.4","-196,-186.48","383.09","0.966084","1.8185"
"TYC 5890-971-1","-14.5261","0.1520","","04:19:54.6995,04:19:54.8128","-16:56:07.594,-16:56:07.0033","104.559","38.193","348.6","381.149","0.998683","0.592717"
"Pal20","-9.86127","0.8720,0.57808","F, G, K, M, G8","14:51:32.12,14:51:32.1269","+00:32:58.02,+00:32:58,+00:32:57.9756","-0.4","-1","88,73.641","380.099","0.934586","6.23102"
"GaiaDR2 525718","-18.3026","1.817","","09:38:56.8368,09:38:56.8372","-60:31:52.932,-60:31:52.926","-3.736","3.444","22.64","377.021","0.829789","14.971"
"mpHVS6","-10.6125","0.7812,0.37990","F","07:48:17.52,07:48:17.526","+36:00:34.4,+36:00:34.2113","-5.16","-16.66","335,300.27","374.385","0.998383","6.68076"
"TYC 2456-2178-1","-14.4896","0.9145,-2.00542","F2","07:28:27.5999,07:28:27.7001","+33:02:58.98,+33:02:58.1908","78.977","-49.445","-243.08,-244.87,-243.13","372.497","0.998683","0.820291"
"LMST_HVS5","-10.9921","0.8146,0.40577","F2, G0","11:54:45.93,11:54:46.0231","+52:35:20.3,+52:35:19.0716","56.3","-76.4","-219,-227.24","371.829","0.998983","0.813676"
"SDSSJ090710.08+365957.5","-14.8703","-0.0633,-0.31134","A, B, B9","09:07:10.07,09:07:10.08,09:07:10.0818","+36:59:57.54,+36:59:57.5,+36:59:57.5103","-0.687","-0.147","306,298,289.78","371.692","0.615696","39.8107"
"LMST_HVS13","-10.8256","0.7186,0.32087","F0, M2","12:31:34.97,12:31:34.9909","+42:47:36.1,+42:47:35.5777","17.2","-49.2","-266,-257.22,-265.67","371.129","0.998683","1.56029"
"GaiaDR2 577991","-16.6505","1.7113","","15:41:25.8566","-77:16:59.4592","-11.432","-8.403","-13.31","370.836","0.950685","7.31903"
"SDSSJ075055.24+472822.9","-16.281","-0.0458,-0.26925","B6","07:50:55.24,07:50:55.2407","+47:28:22.9,+47:28:22.9735","-0.449","-1.564","279","366.208","0.611396","34.0295"
"HiVel5","-10.6547","0.6435","","17:00:59.2799","+07:44:27.7579","-153.483","12.016","-420,-416.59","363.021","0.999383","0.287714"
"LP 93-21","-0.649764","0.2352","","10:45:57.3747,10:45:57.3747","+59:04:28.6472,+59:04:28.6472","-1019.2","-1462.53","15","362.853","0.909086","0.0416826"
"SDSSJ232229.47+043651.45","-14.8712","0.0957,-0.19329","A, B","23:22:29.47,23:22:29.4791","+04:36:51.45,+04:36:51.4843","2.029","-1.333","133,130","362.13","0.763691","31.3163"
"SDSSJ180050.86+482424.63","-15.1601","-0.0622,-0.28459","A, B","18:00:50.86,18:00:50.86","+48:24:24.63,+48:24:24.581","-1.428","-1.072","62,71.1","360.745","0.774491","36.4578"
"Gaia-T-ES22","-17.4699","1.2202,3.71357","G6","15:35:42.6865","+46:34:07.6311","-19.56","-9.367","48.19,45.868","360.438","0.982684","4.7666"
"HD214362","-15.0448","0.7681","","22:37:58.67174,22:37:58.8673","-22:38:40.1575,-22:38:41.0041","173.39","-55.61","-92.4,-91.61","359.631","0.999383","0.507203"
"MoniBidin403","-18.627","-0.3365","","04:36:09.7726","-58:37:07.3782","1.603","0.865","212","359.527","0.575797","52.96"
"GaiaDR2 198986","-16.9219","1.3938","","22:42:02.3284","+51:36:39.944","10.34","5.09","-75.7","357.984","0.939385","7.05861"
"GaiaDR2 649239","-16.2396","1.2925","","23:14:35.196,23:14:35.1954","-58:25:46.452,-58:25:46.4683","7.502","-15.822","-149.86","356.728","0.974984","6.00072"
"mpHVS2","-10.8","0.7630,0.34656","F","22:16:25.92,22:16:25.9234","+00:35:55.4,+00:35:55.3375","-21.12","0.82","-503,-521.05","356.471","0.999083","6.3"
"TYC 4515-1197-1","-12.5455","1.0240","","05:18:51.9272,05:18:52.3985","+77:50:01.432,+77:50:02.1303","95.62","45.734","-198.41,-197.63","354.909","0.999583","0.729675"
"mpHVS1","-9.81","0.9685,0.55722","F, G5","22:18:53.48,22:18:53.4836","-00:40:30.9,-00:40:31.0874","-41.69","22.69","-432,-442","353.865","0.999283","4.1"
"GaiaDR2 539996","-16.597","1.3557","","11:07:31.3927","-37:38:50.1658","-12.87","0.513","420.38","352.633","0.983884","6.13346"
"GaiaDR2 170241","-15.7225","1.0954","","16:05:08.2563","+73:08:23.945","-11.435","10.416","","351.618","0.958585","6.12053"
"GaiaDR2 208999","-17.1404","1.5126","","18:43:42.7626","+31:20:45.4845","-3.166","-9.504","-9.9","350.635","0.978184","8.02553"
"LMST_HVS16","-10.5309","0.6908,0.28174","F0","12:36:41.48,12:36:41.4534","+44:37:15.9,+44:37:15.2241","-23.7","-55.6","-259,-274.01","347.534","0.994283","1.70709"
"Li8","-10.5968","0.6321,0.23126","F, G, K, F0","11:31:16.03,11:31:15.9775","+57:11:31.1,+57:11:30.4648","-43.52","-38.49","-91,-92.936","344.862","0.971284","1.95639"
"LMST_HVS23","-11.3135","0.6545,0.26184","A0, F0","12:14:37.93,12:14:37.9688","+54:25:22.9,+54:25:22.0193","17","-62.6","-197,-218.92","344.368","0.999683","1.33279"
"RAVEJ142103.5-374549","-16.449","1.5737","","14:21:03.5,14:21:03.4483","-37:45:49,-37:45:48.9503","8.7","3.1","405.2,405.52","344.252","0.998983","3.963"
"HiVel2","-17.7388","1.2463,0.91825","G7","11:57:12.6554","+03:09:33.9667","-11.822","-3.686","413,417.35,416.11","344.129","0.999683","2.43153"
"TYC 3983-1873-1","-14.6832","1.2773","","22:33:22.2581,22:33:22.4854","+52:41:18.089,+52:41:19.2098","133.31","72.523","-165.28,-170.08","341.69","0.998983","0.556494"
"LMST_HVS27","-10.6693","0.9074,0.46919","G2, F9","10:27:57.74,10:27:57.571","+09:00:30,+09:00:29.6474","-160","-35","314,276.83","341.592","0.999583","0.412926"
"LMST_HVS26","","","F9","06:54:36.5","+17:03:13.8","-1.4","-16","307","340.974","0.950085","0.2"
"SDSSJ164419.44+452326.7","-10.8856","-0.5162,-0.52377","B, B9","16:44:19.44,16:44:19.4453","+45:23:26.7,+45:23:26.4547","4.7","-26.1","-314.1,-307.48","339.507","0.998983","3.62494"
"GaiaDR2 559310","-18.7554","1.8828","","07:33:04.6656,07:33:04.6645","-31:22:45.12,-31:22:45.1052","-1.582","2.113","104.44","338.4","0.936985","17.3748"
"LMST_HVS10","-12.4155","0.6748,-1.18846","A0, F5","11:02:08.65,11:02:08.7947","+57:52:00.2,+57:51:58.9783","70.6","-84","-227,-220.05","337.864","0.999782","0.653338"
"HiVel13","-11.763","0.6129,0.29386","","07:30:41.45","+24:05:06.6346","162.263","-233.306","-237,-235.8","337.788","0.999483","0.256215"
"RdM15","-7.19496","1.7566,1.30438","M0, K7","20:38:03.39,20:38:03.3467","+14:53:00.2,+14:52:58.8387","-64.7","-128.1","30.3,17.465","337.167","0.999383","0.521217"
"LMST_HVS1","-12.9605","0.6904,-0.15997","A5, F0","08:58:19.9,08:58:19.8795","+15:03:52.4,+15:03:51.701","-21.8","-54.3","415,408.92","336.977","0.999483","1.32485"
"SDSSJ141723.34+101245.7","-13.2967","-0.0822,-0.27726","A, B, A1","14:17:23.34,14:17:23.3359","+10:12:45.74,+10:12:45.7,+10:12:45.6798","-1.926","-0.821","284,282","334.973","0.818289","22.9325"
"HiVel11","-14.5561","0.9030,2.16052","","23:22:05.8779","+22:37:45.1709","0.574","-5.604","-504,-511.47","334.654","0.999583","2.28733"
"GaiaDR2 199054","-17.2036","1.8159","","22:56:01.5288,22:56:01.5295","+53:36:55.836,+53:36:55.8389","-4.769","-2.83","-83.38","334.288","0.992084","8.26289"
"RAVEJ161055.6-112009","-16.3982","1.7354","","16:10:55.6,16:10:55.6192","-11:20:09,-11:20:09.2066","-25.6","22.9","-296.8,-296.79","333.947","0.998983","4.6975"
"RdM13","-6.91496","1.7871,1.36181","M0, K7","18:25:47.07,18:25:47.1533","+64:13:55.5,+64:13:56.6123","45.2","138.9","-206,-229.42","333.546","0.999383","0.46883"
"SDSSJ065827.16+291313.17","-10.3913","0.8881,0.45463","F, G, K, M","06:58:27.16,06:58:27.1641","+29:13:13.17,+29:13:13.1284","0.455","-7.492","352.23","333.251","0.996983","5.25433"
"SDSSJ005956.06+313439.29","-14.85","0.0153,-0.24889","A, B","00:59:56.06,00:59:56.0624","+31:34:39.29,+31:34:39.3094","0.475","-0.991","136,138.3","332.123","0.900487","37.6559"
"RdM19","-5.64664","1.9527,1.55704","M1, M0","23:25:41.3,23:25:41.6962","+00:04:19.6,+00:04:18.2037","453.3","-118.8","-80.8,-99.608","331.172","0.999483","0.194687"
"SDSSJ145021.46+105714.46","-11.1842","0.7145,0.32828","F, G, K, M, G0","14:50:21.46,14:50:21.461","+10:57:14.46,+10:57:14.3363","3.276","-4.491","-17.137","330.825","0.921486","9.40382"
"CD-41 15048","-15.0988","0.7990","","22:50:14.02015,22:50:14.0726","-40:57:42.8424,-40:57:44.6851","38.56","-119.45","228.9,229.79","330.049","0.998983","0.835613"
"GaiaDR2 531777","-18.0407","2.0763","","08:41:58.7773","-54:47:47.8646","-3.186","4.565","114.04","329.029","0.924386","12.0429"
"NHCd","-6.48219","1.8129,1.36104","K, M","21:06:27.4073,21:06:27.3784","+01:12:33.354,+01:12:30.9196","-45.24","-225.15","-123.4","324.653","0.999183","0.455471"
"LMST_HVS18","-14.4211","0.9790,0.51559","F5, F0","17:36:50.63,17:36:50.6221","+06:08:14.4,+06:08:14.3225","-30.9","-15.5","-416,-440.4","324.645","0.999683","3.05055"
"LMST_HVS25","-11.5514","0.6438,0.25895","A0, F0","08:06:08.76,08:06:08.7729","+06:33:49.8,+06:33:49.5701","14.2","-20.4","423,447.89,453.66","324.507","0.999383","2.30348"
"GaiaDR2 459651","-16.9196","1.6495","","17:54:18.5664,17:54:18.5652","+29:07:24.528,+29:07:24.5133","-1.086","-10.512","-112.79","323.792","0.990984","8.13435"
"LMST_HVS24","-10.2198","0.7077,0.32107","F0, A7","21:20:28.3,21:20:28.331","-01:33:23.4,-01:33:23.7959","51.2","-47","-311,-301.29","322.888","0.998483","1.23035"
"RdM18","-7.51027","1.7755,1.37464","M0, K7","23:14:05.61,23:14:05.689","+23:01:20.2,+23:01:20.3713","119.9","11.2","-204.6,-218.92","322.811","0.999483","0.663876"
"GaiaDR2 204014","-17.8645","1.6518","","18:56:59.9924","+27:40:06.3158","-4.244","-7.082","-364.65","320.838","0.965684","10.3609"
"SDSSJ002810.33+215809.66","-15.88","0.0083,-0.24601","A, B","00:28:10.33,00:28:10.3308","+21:58:09.66,+21:58:09.6785","0.711","-0.509","150,148","320.062","0.962085","43.4608"
"RAVEJ152905.9-365544","-16.0284","1.5708","","15:29:05.9,15:29:05.9004","-36:55:44,-36:55:43.9829","-4.8","3.4","-189.8,-188.82","319.124","0.999782","4.18675"
"LMST_HVS22","-10.9321","0.6338,0.25231","A0, A6","12:43:30.95,12:43:30.927","+42:31:19.9,+42:31:19.2988","-25.4","-55.5","-263,-228.55,-282","316.384","0.999583","1.72389"
"SDSSJ075712.93+512938.0","-16.4411","-0.1244,-0.33346","B7, A2","07:57:12.93,07:57:12.9303","+51:29:38,+51:29:37.9679","-0.179","-0.875","287,228.74","316.142","0.995783","25.3192"
"GaiaDR2 532115","-18.1913","2.1437","","08:35:16.9512,08:35:16.952","-53:12:16.488,-53:12:16.4785","-2.518","3.224","81.3","315.519","0.950985","14.0915"
"NHCc","-6.89676","1.6587,1.21766","K, M","02:30:14.2373,02:30:14.3266","-01:06:38.5056,-01:06:39.9646","120.19","-122.11","186.2","314.724","0.998783","0.607269"
"RdM1","-6.60064","1.7702,1.33450","M0, K7","00:30:12.87,00:30:12.8214","-18:44:46.9,-18:44:48.2509","-78.3","-148.5","-36.6,-51.078","314.493","0.999683","0.422814"
"SDSSJ010948.30+311727.66","-14.5663","0.0277,-0.25776","","01:09:48.3,01:09:48.308","+31:17:27.66,+31:17:27.6504","0.626","0.084","108","313.328","0.957485","24.4595"
"SDSSJ142259.7+143754.5","-4.59845","1.9915,1.66281","M0, K7","14:22:59.7,14:22:59.5742","+14:37:54.5,+14:37:51.0781","-150","-336","-91,-90.209","312.878","0.998483","0.305988"
"J01020100-7122208","-17.3241","1.3962","G5, G6, G7, G8","01:02:01.00,01:02:01.0324","-71:22:20.8,-71:22:20.8458","8.647","-0.906","301","312.083","0.968284","9.75658"
"GaiaDR2 212185","-16.8211","1.4936","","18:20:29.8706","+47:29:52.3077","-5.363","-7.055","-434.7","310.865","0.999083","7.22067"
"SDSSJ002439.00-093916.87","-10.5856","0.9846,0.63377","F, G, K, M, K0","00:24:39,00:24:38.9837","-09:39:16.87,-09:39:17.1315","-14.156","-20.001","-46.104","308.744","0.988184","2.48449"
"HVS11","-13.9896","0.0570,-0.18641","A, B","09:59:06.47,09:59:06.48,09:59:06.4705","+00:08:53.41,+00:08:53.4,+00:08:53.3957","","","475.3,482,469","306.616","0.976984","53.7675"
"GaiaDR2 209539","-16.967","1.5061","","18:26:36.9878","+35:03:21.8465","-3.131","-8.857","-96.95","305.497","0.996183","8.39098"
"PG1610+062","-15.91","-0.1899,-0.34513","B, B6","16:12:53.2118","+06:05:38.8004","-0.616","0.176","157.4,134.62","305.465","0.998683","17.3"
"SDSSJ081828.07+570922.1","-14.8099","-0.0041,-0.22854","A, B, B9","08:18:28.07,08:18:28.0599","+57:09:22.07,+57:09:22.1,+57:09:22.0852","0.357","-1.49","229,221","305.107","0.79169","30.0217"
"GaiaDR2 529859","-18.2554","1.8336","","09:20:34.2216,09:20:34.2227","-62:27:44.748,-62:27:44.7378","-2.373","3.883","54.36","304.403","0.961985","13.8597"
"TYC 8422-875-1a","-14.4439","0.6727","F0","21:11:29.904,21:11:29.7951","-45:04:28.3835,-45:04:29.7004","-73.05","-84.478","200.8,223.24","304.131","0.998983","0.650157"
"GaiaDR2 525276","-18.0494","1.8162","","10:07:14.9019","-63:04:19.461","-4.431","3.169","64.84","303.754","0.951885","12.488"
"SDSSJ204056.87-062124.09","-9.16893","0.9534,0.60253","F, G, K, M, G0","20:40:56.87,20:40:56.8622","-06:21:24.09,-06:21:24.0656","-5.787","3.429","-23.861","303.575","0.995683","3.51526"
"GaiaDR2 554698","-17.3637","1.6303","","08:22:33.5952,08:22:33.5961","-32:37:12,-32:37:11.988","-1.986","2.747","79.25","302.361","0.993884","11.623"
"SDSSJ112723.06+265823.25","-10.2773","0.38187","F, G, K, M, F9","11:27:23.06,11:27:23.0567","+26:58:23.25,+26:58:23.2781","-5.968","-1.507","240.34","300.605","0.988284","7.17484"
"SDSSJ120840.1+192834.4","-5.4346","1.8090,1.55725","M0","12:08:40.1,12:08:40.0033","+19:28:34.4,+19:28:33.2063","-105","-114","231","299.762","0.987684","0.615106"
"RdM9","-6.53137","1.9421,1.46362","M1, M0","13:17:02.01,13:17:01.8511","+38:24:35.2,+38:24:35.161","-168.7","9.6","-58.9,-62.963","297.48","0.999683","0.487862"
"LMST_HVS3","-6.18468","1.7306,1.35397","K7, No","07:42:33.15,07:42:33.0959","+32:24:33.8,+32:24:31.9516","-156","-353","225","293.427","0.992784","0.190961"
"GaiaDR2 139696","-17.3732","1.6990,0.05348","","15:50:55.5936,15:50:55.5947","+44:26:08.52,+44:26:08.5257","-1.649","-4.966","-412.46","292.508","0.999383","8.89347"
"LMST_HVS21","-9.74676","0.8661,0.43748","G0, G4","12:27:23.65,12:27:23.6618","+48:21:36.1,+48:21:34.7019","15.3","-88.2","-213,-205.36","291.464","0.999683","0.873766"
"GaiaDR2 207623","-17.8028","1.8065","","19:39:48.0528","+39:16:02.7016","-2.328","-4.329","-73","289.669","0.976584","12.5652"
"SDSSJ093644.57+381635.72","-11.4541","0.6853,0.32839","F, G, K, M, F8","09:36:44.57,09:36:44.5802","+38:16:35.72,+38:16:35.7256","-1.457","-0.836","198.73","289.022","0.987184","10.8983"
"RdM2","-6.57693","1.8434,1.41075","M0, K7","02:35:10.64,02:35:10.663","+00:49:24.9,+00:49:22.3601","17.3","-183.7","-198.5,-219.27","287.849","0.999683","0.386728"
"SDSSJ204527.99-010125.19","-10.8604","0.43386","F, G, K, M, G5","20:45:27.99,20:45:27.9799","-01:01:25.19,-01:01:25.1717","-6.896","-8.63","-18.816","285.443","0.940085","6.49215"
"SDSSJ210720.57+010344.56","-9.99211","1.0285,0.66596","F, G, K, M, K0","21:07:20.57,21:07:20.57","+01:03:44.56,+01:03:44.5075","-2.754","0.653","22.176","284.692","0.999283","4.41203"
"SDSSJ023849.85+281023.60","-10.1505","0.6378,0.53732","F, G, K, M, F7","02:38:49.85,02:38:49.8579","+28:10:23.6,+28:10:23.5586","1.479","2.442","-71.554","284.652","0.977384","8.32736"
"SDSSJ120046.74+374632.1","-4.73156","3.0275,1.78031","M5, M2","12:00:46.74,12:00:46.7506","+37:46:32.1,+37:46:32.6293","-65.9","-145.4","-51.1,2.938","281.612","0.999183","0.180435"
"GaiaDR2 531722","-18.2143","1.7932","","08:55:17.7595","-54:33:36.4281","-2.743","3.231","93.75","280.757","0.969984","12.6322"
"SDSSJ030746.77+371352.88","-9.68928","1.2511,0.70696","F, G, K, M, K1","03:07:46.77,03:07:46.7714","+37:13:52.88,+37:13:52.8989","-1.556","1.24","-45.199","280.213","0.997083","4.59284"
"SDSSJ133126.68+190950.7","-2.26","3.0332,1.70875","M8, M2","13:31:26.68,13:31:26.6662","+19:09:50.7,+19:09:50.9304","262.1","-85.4","-129,-1.9878","280.138","0.999183","0.0809"
"SDSSJ093103.04+134728.81","-11.3559","0.9265,0.35853","F, G, K, M","09:31:03.04,09:31:03.0352","+13:47:28.81,+13:47:28.7515","-1.91","0.67","17.512","277.649","0.992784","9.11233"
"GaiaDR2 534838","-17.6597","1.7482","","11:18:55.5487","-52:54:19.9456","2.842","0.033","75.05","277.629","0.998683","9.64758"
"SDSSJ085031.60+112058.04","-10.0803","0.9730,0.55229","F, G, K, M, G8","08:50:31.6,08:50:31.5938","+11:20:58.04,+11:20:58.0492","-8.023","4.864","-1.4635","276.977","0.999183","1.09675"
"RdM12","-7.67931","2.0829,1.52461","M1, M0","15:37:37.72,15:37:37.7106","-00:56:08.7,-00:56:08.4861","-4.5","55.3","-20.6,-19.954","276.714","0.999782","0.801494"
"SDSSJ044830.91-002830.10","-10.5771","0.8512,0.37377","F, G, K, M, F8","04:48:30.91,04:48:30.9144","-00:28:30.1,-00:28:30.0739","-0.149","1.06","53.202","276.101","0.986584","8.05047"
"SDSSJ072125.29+385314.67","-10.7247","0.7882,0.34814","F, G, K, M","07:21:25.29,07:21:25.2939","+38:53:14.67,+38:53:14.6369","-1.328","0.098","22.154","275.955","0.989084","8.11573"
"SDSSJ080837.26-000715.91","-11.2136","0.7360,0.29495","F, G, K, M","08:08:37.26,08:08:37.2588","-00:07:15.91,-00:07:15.9156","-1.813","1.01","97.625","275.928","0.982984","10.357"
"SDSSJ071409.76+305127.87","-10.5687","0.40702","F, G, K, M, G0","07:14:09.76,07:14:09.7633","+30:51:27.87,+30:51:27.9171","0.578","0.702","25.559","275.639","0.991384","10.1917"
"SDSSJ155635.80+470851.8","-11.909","0.1705,-0.09065","B","15:56:35.80,15:56:35.7932","+47:08:51.8,+47:08:51.762","-6.3","1.3","-385.4,-434.19","275.318","0.997983","11.76"
"SDSSJ212101.55+000256.18","-10.6359","0.8780,0.47912","F, G, K, M, G0","21:21:01.55,21:21:01.5415","+00:02:56.18,+00:02:56.0746","-6.904","-12.451","32.164","274.732","0.994383","4.22077"
"SDSSJ070716.03+125729.15","-10.7658","0.7211,0.27578","F, G, K, M","07:07:16.03,07:07:16.0268","+12:57:29.15,+12:57:29.1516","-1.183","0.029","11.371","273.308","0.989184","8.86307"
"SDSSJ065353.13+291842.71","-9.7142","1.1623,0.65861","F, G, K, M, K0","06:53:53.13,06:53:53.1299","+29:18:42.71,+29:18:42.7539","-2.158","0.388","40.26","272.939","0.999283","4.06479"
"Pal5","-9.74288","1.5344,1.02898","G, K, G9","18:50:18.09,18:50:18.089","+19:12:36.1,+19:12:36.0914","0.04","-3.533","58,51.448","272.201","0.999683","4.3933"
"LMST_HVS17","-12.1549","0.6603,0.33991","F0","08:56:23.74,08:56:23.6792","+21:13:22.3,+21:13:21.6813","-60","-47.3","235,204.46","270.51","0.999683","0.85709"
"SDSSJ071033.40+392823.81","-9.19835","0.9208,0.48462","F, G, K, M, G1","07:10:33.4,07:10:33.4002","+39:28:23.81,+39:28:23.8346","-2.799","0.659","5.4483","270.499","0.998783","2.48767"
"SDSSJ074920.08+175147.75","-10.0583","0.9272,0.57340","F, G, K, M, K0","07:49:20.08,07:49:20.0819","+17:51:47.75,+17:51:47.8064","-3.732","-0.809","25.724","269.176","0.997383","6.19389"
"SDSSJ074754.55+184731.02","-10.222","0.9119,0.49268","F, G, K, M, G0","07:47:54.55,07:47:54.5526","+18:47:31.02,+18:47:31.096","-3.821","-1.04","36.323","268.839","0.991784","6.61784"
"SDSSJ074256.46+275946.95","-10.6738","0.9249,0.31170","F, G, K, M, F5","07:42:56.46,07:42:56.4617","+27:59:46.95,+27:59:46.9398","-0.89","-0.276","28.618","268.709","0.973184","10.6973"
"SDSSJ183155.19+205839.07","-10.5938","1.0365,0.61410","F, G, K, M","18:31:55.19,18:31:55.1875","+20:58:39.07,+20:58:38.9204","-4.77","-10.824","62.36","268.208","0.999383","1.60265"
"SDSSJ183402.98+215017.57","-10.9673","1.0534,0.64223","F, G, K, M","18:34:02.98,18:34:02.9795","+21:50:17.57,+21:50:17.4162","-1.816","-10.541","57.74","267.687","0.999483","2.84191"
"LMST_HVS7","-11.8493","0.8696,0.44728","F5","23:12:32.05,23:12:32.1362","+26:50:39.5,+26:50:39.9438","63.6","14.6","-196,-232.34","267.624","0.999683","0.972554"
"SDSSJ070157.88+304405.24","-10.5825","0.8046,0.36012","F, G, K, M","07:01:57.88,07:01:57.8836","+30:44:05.24,+30:44:05.2536","-1.479","0.026","16.296","267.126","0.997883","5.71189"
"SDSSJ234414.38+430403.72","-9.48819","1.1012,0.66150","F, G, K, M, G0","23:44:14.38,23:44:14.3783","+43:04:03.72,+43:04:03.7087","-3.933","0.058","-28.589","266.808","0.999383","3.54659"
"SDSSJ143406.17+563047.24","-11.5287","0.8082,0.42201","F, G, K, M, G0","14:34:06.17,14:34:06.1804","+56:30:47.24,+56:30:47.1666","4.425","-4.991","-13.584","265.188","0.999383","2.61737"
"SDSSJ082456.26+323805.79","-11.4803","0.6813,0.27210","F, G, K, M, F7","08:24:56.26,08:24:56.2621","+32:38:05.79,+32:38:05.7655","0.56","0.003","138.54","265.18","0.999083","7.15183"
"GaiaDR2 480565","-16.4372","1.2228","","05:30:30.5654","-43:42:33.6353","6.655","-9.353","","265.016","0.996083","6.97868"
"Pal9","-10.3172","0.9376,0.56371","F, G, K, M, G5","01:19:33.46,01:19:33.45,01:19:33.4577","+38:49:13.06,+38:49:13,+38:49:13.0747","-3.1","-8.5","-36.9,-50.289","265.001","0.999782","4.34155"
"GaiaDR2 584695","-17.2884","2.1320","","14:00:03.1094","-69:49:40.9133","-6.796","-0.722","8.5","264.004","0.983484","10.8196"
"SDSSJ105017.84-000114.84","-11.5848","0.7220,0.32901","F, G, K, M, F2, F8","10:50:17.84,10:50:17.8286","-00:01:14.84,-00:01:14.9036","-16.249","-4.162","-65.954,-61.373","263.611","0.999283","1.60341"
"SDSSJ180956.29+232555.23","-9.10851","1.1185,0.69316","F, G, K, M, G5","18:09:56.29,18:09:56.2897","+23:25:55.23,+23:25:55.2646","0.971","1.088","2.8795","263.495","0.999483","2.37585"
"TYC 8374-757-1","-14.8326","0.4505","","19:02:12.2803,19:02:12.0704","-46:39:12.087,-46:39:13.8851","-138.631","-116.42","71.8","263.35","0.999383","0.510676"
"SDSSJ222147.99+001711.67","-9.66779","1.1557,0.72255","F, G, K, M, K1","22:21:47.99,22:21:47.9866","+00:17:11.67,+00:17:11.7123","-9.519","-1.133","-16.72","263.23","0.999483","1.57629"
"SDSSJ085149.94+181136.17","-11.2525","0.8331,0.42453","F, G, K, M, G0","08:51:49.94,08:51:49.938","+18:11:36.17,+18:11:36.2187","-1.41","-0.292","-32.165","262.656","0.999383","4.33223"
"SDSSJ180225.43+241605.65","-10.5141","1.0741,0.62198","F, G, K, M, G5","18:02:25.43,18:02:25.428","+24:16:05.65,+24:16:05.5928","-1.909","-5.04","59.543","262.247","0.999483","4.33543"
"GaiaDR2 553179","-17.8684","1.9800","","07:45:21.3253","-44:53:26.6335","-1.462","3.101","80.86","262.07","0.999383","10.0039"
"SDSSJ032254.29+414358.54","-9.68449","1.0067,0.56976","F, G, K, M, F8","03:22:54.29,03:22:54.285","+41:43:58.54,+41:43:58.4982","-2.086","-0.501","-60.64","260.962","0.998783","4.47834"
"SDSSJ173453.83+075628.50","-9.82333","1.3694,0.86871","F, G, K, M, G9","17:34:53.83,17:34:53.8315","+07:56:28.5,+07:56:28.4522","0.462","1.557","-11.791","260.511","0.999683","2.49338"
"GaiaDR2 204506","-18.1318","1.9137","","19:30:05.2521","+31:32:36.1938","-2.671","-4.648","-104.15","257.427","0.983184","12.387"
"SDSSJ093342.56+443657.82","-11.3184","0.8397,0.32755","F, G, K, M, F8","09:33:42.56,09:33:42.5607","+44:36:57.82,+44:36:57.79","0.456","-0.084","-59.853","256.844","0.999083","9.16489"
"SDSSJ074801.28+181904.32","-9.88082","0.8058,0.48329","F, G, K, M, G0","07:48:01.28,07:48:01.2742","+18:19:04.32,+18:19:04.3597","-1.076","0.504","97.786","256.04","0.997483","6.4044"
"SDSSJ234446.22+462721.49","-9.55932","1.090,0.65986","F, G, K, M, K0","23:44:46.22,23:44:46.2154","+46:27:21.49,+46:27:21.4264","-3.695","-2.112","-47.945","255.779","0.997383","4.13111"
"SDSSJ011326.87+263336.54","-10.3802","0.8627,0.37293","F, G, K, M","01:13:26.87,01:13:26.8732","+26:33:36.54,+26:33:36.5586","-1.547","0.304","-52.121","254.905","0.997983","4.70192"
"SDSSJ092613.30+201253.07","-10.2841","0.8296,0.43603","F, G, K, M, G0","09:26:13.3,09:26:13.2946","+20:12:53.07,+20:12:53.0729","-1.528","0.754","76.797","253.833","0.997483","5.40863"
"SDSSJ113931.63+472307.94","-10.3042","0.9297,0.56084","F, G, K, M, G7","11:39:31.63,11:39:31.6338","+47:23:07.94,+47:23:07.92","3.837","-1.115","-22.706","253.647","0.999483","1.42205"
"SDSSJ082756.04+011028.70","-10.9825","0.7389,0.31721","F, G, K, M","08:27:56.04,08:27:56.0404","+01:10:28.7,+01:10:28.708","1.131","0.836","110.57","252.705","0.987384","11.5099"
"GaiaDR2 186726","-17.3618","1.7916","","21:10:00.6815","+35:03:47.5689","-2.12","-3.357","-46.07","252.326","0.999083","9.97336"
"SDSSJ053553.16+004051.61","-8.66319","1.2287,0.79506","F, G, K, M, G0","05:35:53.16,05:35:53.1568","+00:40:51.61,+00:40:51.5631","0.615","0.391","-5.9332","252.12","0.999283","2.73384"
"SDSSJ011226.04+472051.64","-10.138","0.8930,0.43611","F, G, K, M, F5","01:12:26.04,01:12:26.0364","+47:20:51.64,+47:20:51.6623","-1.72","-2.233","-27.561","251.639","0.999483","4.82868"
"GaiaDR2 379138","-16.449","1.7627,2.27578","","11:09:53.7794","-01:47:02.4545","-0.712","-5.779","-90.79","251.345","0.999583","5.67648"
"SDSSJ080531.08+191443.69","-11.3376","0.7797,0.34150","F, G, K, M, F8","08:05:31.08,08:05:31.0797","+19:14:43.69,+19:14:43.7225","-0.542","0.255","45.061","250.999","0.999383","7.58399"
"SDSSJ031104.34+414435.59","-9.02452","1.1914,0.70872","F, G, K, M, K1","03:11:04.34,03:11:04.343","+41:44:35.59,+41:44:35.5554","-0.769","0.362","-22.976","250.641","0.999383","2.67322"
"Li1","-10.6845","1.0146,0.59498","F, G, K, G8","17:25:24.12,17:25:24.1125","+56:57:09.6,+56:57:11.0112","-17.19","88.11","-103,-103.13","250.604","0.999782","0.412017"
"SDSSJ032055.61+412207.99","-10.0845","1.2238,0.79450","F, G, K, M, K1","03:20:55.61,03:20:55.6127","+41:22:07.99,+41:22:07.9592","0.516","0.753","-5.2958","250.175","0.999483","2.82512"
"SDSSJ173712.93+321518.17","-9.28521","0.9532,0.53856","F, G, K, M, G0","17:37:12.93,17:37:12.9368","+32:15:18.17,+32:15:18.0398","0.019","-8.883","7.6188","249.513","0.998683","3.27493"
"HiVel7","-11.8122","0.8005,0.37337","","12:42:10.1107","+27:10:17.9628","-49.324","20.919","466,-0.56","249.126","0.999782","0.356818"
"SDSSJ185443.02+190540.09","-8.9241","1.3703,0.94005","F, G, K, M","18:54:43.02,18:54:43.0254","+19:05:40.09,+19:05:40.0847","-1.926","-3.589","27.04","249.023","0.999683","2.576"
"LMST_HVS11","-12.3586","0.6235,0.21221","A0, A1","22:41:45.15,22:41:45.1343","+29:24:28.4,+29:24:27.8963","-15.3","-60.4","-210,-187.09","248.721","0.999683","1.6436"
"SDSSJ160419.74+365623.57","-10.3587","0.9772,0.54057","F, G, K, M, G5","16:04:19.74,16:04:19.7341","+36:56:23.57,+36:56:23.4494","1.388","-6.618","15.152","248.397","0.999583","2.86993"
"SDSSJ001755.41+350541.26","-10.4173","0.8278,0.43496","F, G, K, M, G0","00:17:55.41,00:17:55.4094","+35:05:41.26,+35:05:41.232","-2.725","-1.89","-63.345","248.132","0.998683","5.67211"
"SDSSJ233759.54+451444.91","-9.85598","1.1372,0.69527","F, G, K, M, K0","23:37:59.54,23:37:59.5364","+45:14:44.91,+45:14:44.8782","-4.86","-0.931","-62.895","248.099","0.999383","3.36792"
"Li14","-11.9871","0.7355,0.33675","F, G, K, F5","00:52:33.53,00:52:33.5306","+41:33:22.6,+41:33:22.6492","-48.83","-32.97","-30,-26.382","247.877","0.999683","2.01153"
"SDSSJ215649.16+462033.38","-9.83045","1.1826,0.68277","F, G, K, M, F8","21:56:49.16,21:56:49.1477","+46:20:33.38,+46:20:33.335","-3.446","-1.339","-33.321","246.761","0.999383","4.61653"
"SDSSJ092619.98+092919.75","-10.9547","0.7454,0.34379","F, G, K, M, F7","09:26:19.98,09:26:19.9811","+09:29:19.75,+09:29:19.7952","-1.821","0.41","68.145","246.647","0.998883","8.5381"
"Pal12","-10.1424","1.0352,0.65783","F, G, K, M, O9","02:54:50.19,02:54:50.18,02:54:50.1876","+33:31:58.47,+33:31:58.4,+33:31:58.4284","7.3","21.4","-62.4,-75.833","245.617","0.999583","4.25294"
"SDSSJ222514.87+392654.87","-11.1117","0.8506,0.43770","F, G, K, M, F5","22:25:14.87,22:25:14.8706","+39:26:54.87,+39:26:54.8456","-1.386","-3.436","-19.765","245.531","0.999583","5.27968"
"SDSSJ032048.82+411455.22","-10.0675","0.9070,0.50474","F, G, K, M, F9","03:20:48.82,03:20:48.8168","+41:14:55.22,+41:14:55.169","-1.669","-1.164","-98.415","245.507","0.998983","5.51781"
"SDSSJ233604.89+495742.45","-9.0587","1.0993,0.69822","F, G, K, M, G5","23:36:04.89,23:36:04.8826","+49:57:42.45,+49:57:42.5282","-5.136","-0.826","-65.718","245.442","0.999383","3.14698"
"SDSSJ124313.57+151414.82","-11.2653","0.7700,0.34810","F, G, K, M, F8","12:43:13.57,12:43:13.5673","+15:14:14.82,+15:14:14.7988","-1.935","0.264","-51.741","245.221","0.999283","9.5396"
"SDSSJ070102.98+123754.14","-10.1069","0.9415,0.58900","F, G, K, M, G0","07:01:02.98,07:01:02.9818","+12:37:54.14,+12:37:54.1677","0.273","0.093","16.69","244.862","0.999583","4.6517"
"SDSSJ074232.64+211017.80","-11.9452","0.5797,0.42354","F, G, K, M, G5","07:42:32.64,07:42:32.6335","+21:10:17.8,+21:10:17.8341","-1.374","-1.777","23.823","244.86","0.917486","17.1347"
"SDSSJ065919.68+122028.30","-10.8511","0.7934,0.37160","F, G, K, M","06:59:19.68,06:59:19.6801","+12:20:28.3,+12:20:28.3031","0.582","0.307","19.277","244.715","0.999383","3.77058"
"SDSSJ074931.54+264335.66","-10.7935","0.8890,0.46294","F, G, K, M, G0","07:49:31.54,07:49:31.5355","+26:43:35.66,+26:43:35.6764","-1.519","-0.944","-10.988","244.423","0.999483","6.93493"
"SDSSJ202223.58+143533.38","-10.8076","0.8826,0.47133","F, G, K, M, F8","20:22:23.58,20:22:23.5688","+14:35:33.38,+14:35:33.2506","-5.723","-4.919","-0.29693","243.902","0.998683","4.91774"
"SDSSJ072523.53+350313.28","-9.54738","0.940,0.55594","F, G, K, M, G5","07:25:23.53,07:25:23.5318","+35:03:13.28,+35:03:13.2538","-0.928","-0.853","-6.5754","243.792","0.999483","2.81588"
"SDSSJ075627.42+274144.58","-10.0824","0.8893,0.45255","F, G, K, M, G5","07:56:27.42,07:56:27.4165","+27:41:44.58,+27:41:44.5756","-0.12","-0.361","-3.6877","243.528","0.999583","6.49839"
"Pal16","-10.1252","1.0122,0.57161","F, G, K, M, G8","07:47:28.85,07:47:28.84,07:47:28.8482","+18:55:20.49,+18:55:20.4,+18:55:20.5019","-5.2","1.1","35.5,32.352","242.879","0.999583","3.21513"
"SDSSJ083829.91+175601.98","-10.3236","0.6798,0.39748","F, G, K, M","08:38:29.91,08:38:29.9076","+17:56:01.98,+17:56:01.9852","0.08","-0.842","-20.098","242.751","0.999483","5.11653"
"SDSSJ070537.17+132309.48","-10.4675","0.8272,0.40721","F, G, K, M","07:05:37.17,07:05:37.169","+13:23:09.48,+13:23:09.4686","-1.281","-0.581","33.599","242.546","0.999083","7.61856"
"HIP60350","-10.3618","0.8724,0.492075","B","12:24:30.23,12:24:30.0497","+34:57:58.72,+34:57:59.3873","-13.51","16.34","262,-0.4","242.54","0.999583","0.0889543"
"SDSSJ233707.58+495357.71","-9.10437","1.1406,0.69898","F, G, K, M, K1","23:37:07.58,23:37:07.5836","+49:53:57.71,+49:53:57.6989","0.304","-1.537","-7.8251","241.366","0.999583","2.25416"
"SDSSJ082622.27+132728.33","-10.8591","0.7492,0.32479","F, G, K, M, G0","08:26:22.27,08:26:22.2643","+13:27:28.33,+13:27:28.3728","-0.892","-0.167","24.033","241.07","0.999483","6.60928"
"SDSSJ075516.37+662909.15","-10.656","0.6980,0.35573","F, G, K, M","07:55:16.37,07:55:16.3686","+66:29:09.15,+66:29:09.1124","0.747","0.316","-57.295","240.838","0.999483","7.93581"
"SDSSJ083123.42-032924.01","-11.2313","0.8049,0.41192","F, G, K, M, F9","08:31:23.42,08:31:23.4167","-03:29:24.01,-03:29:23.9983","-1.508","1.099","113.96","240.499","0.998783","8.40762"
"SDSSJ151420.9+351335.8","-4.49808","1.8865,1.80281","M4, M0","15:14:20.9,15:14:20.7944","+35:13:35.8,+35:13:36.4066","-278","181","-193,-170.15","240.376","0.999583","0.424265"
"SDSSJ202225.45+140602.39","-9.30383","1.2688,0.60129","F, G, K, M, K0","20:22:25.45,20:22:25.45","+14:06:02.39,+14:06:02.3393","-2.219","-5.881","22.502","240.065","0.999683","3.18363"
"SDSSJ074811.00+282130.39","-10.1268","0.6389,0.28351","F, G, K, M, G0","07:48:11,07:48:11.0016","+28:21:30.39,+28:21:30.3868","1.549","-0.808","-27.892","239.966","0.999583","4.36083"
"SDSSJ044827.52+221051.07","-9.35556","1.3899,0.94428","F, G, K, M, G9","04:48:27.52,04:48:27.5162","+22:10:51.07,+22:10:50.9753","0.775","-0.346","12.558","239.599","0.999583","3.23051"
"TYC 3945-1023-1","-13.1237","0.6892","","20:16:58.6054,20:16:58.5934","+56:34:18.709,+56:34:18.6921","-6.197","-5.547","-18.79,-25.04","239.089","0.999583","1.31464"
"SDSSJ085000.71+113234.74","-10.5731","0.8108,0.15809","F, G, K, M, G1","08:50:00.71,08:50:00.7083","+11:32:34.74,+11:32:34.7814","0.556","0.021","35.752","239.044","0.999283","8.2229"
"Pal15","-10.6611","1.0010,0.55279","G, K, G8","09:58:16.39,09:58:16.3965","+00:52:24.4,+00:52:24.3614","1.1","-2.2","1.6,3.2,-8.0687","239.034","0.999782","3.48654"
"GaiaDR2 537049","-17.4641","1.8424","","11:34:54.8049","-48:52:33.8592","-5.179","-2.647","34.4","239.009","0.999583","8.85644"
"SDSSJ080930.63-075408.47","-9.6128","1.3472,0.98936","F, G, K, M","08:09:30.63,08:09:30.6277","-07:54:08.47,-07:54:08.3784","-3.138","1.444","57.418","239.007","0.999383","3.08113"
"SDSSJ045025.80-041616.68","-11.5359","0.6545,0.27970","F, G, K, M","04:50:25.8,04:50:25.801","-04:16:16.68,-04:16:16.6824","-0.254","-0.262","39.25","238.446","0.999583","6.41948"
"SDSSJ065319.11+291712.28","-12.1011","0.7204,0.33671","F, G, K, M","06:53:19.11,06:53:19.1105","+29:17:12.28,+29:17:12.3092","0.342","-0.398","30.546","238.414","0.999583","4.0966"
"SDSSJ081928.51+003548.56","-10.0069","0.9235,0.50421","F, G, K, M, G0","08:19:28.51,08:19:28.5045","+00:35:48.56,+00:35:48.6434","-5.686","2.558","68.776","238.231","0.999583","1.61977"
"SDSSJ081210.06+001211.10","-10.9671","0.7442,0.32350","F, G, K, M, F5","08:12:10.06,08:12:10.0632","+00:12:11.1,+00:12:11.1109","-0.38","0.144","45.263","237.93","0.998383","10.5181"
"SDSSJ073554.05+221533.98","-10.4217","1.0505,0.65472","F, G, K, M, K0","07:35:54.05,07:35:54.047","+22:15:33.98,+22:15:33.9514","-2.377","-1.459","17.86","237.889","0.999683","5.57975"
"SDSSJ030445.87+374854.17","-9.6079","1.1790,0.69874","F, G, K, M, K0","03:04:45.87,03:04:45.87","+37:48:54.17,+37:48:54.1784","-0.171","-2.171","6.366","237.814","0.999583","3.3709"
"SDSSJ212128.12+103730.26","-10.8016","0.9338,0.54118","F, G, K, M, G5","21:21:28.12,21:21:28.1228","+10:37:30.26,+10:37:30.1807","1.065","-0.918","-2.0171","237.802","0.999683","4.23184"
"SDSSJ070103.95+293953.96","-10.5067","0.7567,0.35252","F, G, K, M, F6","07:01:03.95,07:01:03.9483","+29:39:53.96,+29:39:53.9127","0.49","-1.077","-19.091","237.781","0.999583","3.05843"
"SDSSJ080201.62+200637.31","-10.8908","0.7218,0.35291","F, G, K, M","08:02:01.62,08:02:01.6217","+20:06:37.31,+20:06:37.343","0.2","-0.203","19.326","237.617","0.999483","7.21974"
"SDSSJ203349.13+153932.88","-11.0508","0.8438,0.42975","F, G, K, M, F9","20:33:49.13,20:33:49.1373","+15:39:32.88,+15:39:32.9252","3.781","6.314","-47.847","237.043","0.999683","1.1487"
"Pal10","-10.0685","1.0871,0.61283","F, G, K, M, G8","17:26:30.61,17:26:30.6,17:26:30.5995","+07:55:44.1,+07:55:44,+07:55:44.0636","-6.213","1.564","-37.6,-16.335","236.799","0.999683","4.50729"
"SDSSJ082716.24-050251.01","-10.9188","0.6913,0.33518","F, G, K, M, F0","08:27:16.24,08:27:16.2487","-05:02:51.01,-05:02:50.9749","-1.461","0.712","98.361","236.789","0.997283","9.16647"
"SDSSJ090810.59+393808.36","-9.88511","0.9556,0.49424","F, G, K, M, G0","09:08:10.59,09:08:10.5935","+39:38:08.36,+39:38:08.3295","-0.147","-0.644","16.33","236.78","0.999583","4.82234"
"SDSSJ075238.30+290658.84","-10.2022","0.8007,0.37591","F, G, K, M, G0","07:52:38.3,07:52:38.3023","+29:06:58.84,+29:06:58.8654","-1.374","-1.064","-4.81","236.583","0.999483","5.98041"
"SDSSJ074713.75+440557.56","-9.23775","0.7643,0.41972","F, G, K, M, F9","07:47:13.75,07:47:13.7542","+44:05:57.56,+44:05:57.538","0.389","-1.162","2.2283","236.223","0.999583","2.52158"
"SDSSJ182630.57+215302.70","-10.3546","0.9975,0.51315","F, G, K, M","18:26:30.57,18:26:30.5679","+21:53:02.7,+21:53:02.6699","-0.288","-7.188","7.7816","236.169","0.999782","4.82133"
"SDSSJ024605.10+312254.29","-9.76674","1.0220,0.62021","F, G, K, M, G0","02:46:05.1,02:46:05.1023","+31:22:54.29,+31:22:54.2733","0.051","-0.469","-22.26","235.761","0.999383","5.69675"
"SDSSJ085405.73+204300.13","-8.81331","1.4113,1.01871","F, G, K, M, K5","08:54:05.73,08:54:05.7263","+20:43:00.13,+20:43:00.141","-3.23","-0.701","38.152","235.625","0.999583","1.69334"
"SDSSJ113018.7-030506.4","-6.31118","1.9381,1.45659","M2","11:30:18.7,11:30:18.6824","-03:05:06.4,-03:05:06.7931","-174","-206","47,-11.91","235.332","0.999782","0.682762"
"SDSSJ073921.43+444537.50","-10.9719","0.8501,0.40387","F, G, K, M, F9","07:39:21.43,07:39:21.427","+44:45:37.5,+44:45:37.4452","1.615","-1.1","-55.182","235.291","0.999583","2.78299"
"SDSSJ015016.53+143259.09","-10.3389","0.1680,0.46439","F, G, K, M, G1","01:50:16.53,01:50:16.527","+14:32:59.09,+14:32:59.0754","1.238","-0.097","8.0421","235.119","0.999583","5.54689"
"SDSSJ025347.64+323620.59","-10.329","0.9803,0.48392","F, G, K, M, F9","02:53:47.64,02:53:47.6391","+32:36:20.59,+32:36:20.559","-0.711","-0.934","-63.397","234.137","0.999383","6.28223"
"SDSSJ070327.47+120225.34","-9.94937","1.1026,0.50175","F, G, K, M, G0","07:03:27.47,07:03:27.468","+12:02:25.34,+12:02:25.3232","-1.621","-0.706","59.041","233.476","0.999583","3.9817"
"SDSSJ204132.64+152708.00","-11.4174","0.8323,0.48349","F, G, K, M","20:41:32.64,20:41:32.6383","+15:27:08,+15:27:07.9938","-1.992","-4.828","-108.79","233.366","0.931386","12.2484"
"SDSSJ122842.6-023247.4","-4.90715","1.7694,1.76377","M3, M0","12:28:42.6,12:28:42.6677","-02:32:47.4,-02:32:48.9767","171","-279","116,118.96","232.561","0.999483","0.480235"
"SDSSJ075309.85+201917.2","-3.51051","2.7087,1.70369","M7, M2","07:53:09.85,07:53:09.8454","+20:19:17.2,+20:19:17.1264","-24.6","-87.6","97.1,19.173","231.786","0.999683","0.22393"
"SDSSJ084210.86+052305.58","-10.5109","0.6829,0.31031","F, G, K, M","08:42:10.86,08:42:10.8556","+05:23:05.58,+05:23:05.5449","-1.835","-0.377","34.507","231.645","0.999483","5.01671"
"SDSSJ090534.10+405537.78","-10.7375","0.8428,0.46941","F, G, K, M, G1","09:05:34.1,09:05:34.0988","+40:55:37.78,+40:55:37.6915","-0.853","-1.047","3.2557","231.628","0.999583","3.88767"
"SDSSJ090003.97+111858.98","-10.4044","0.7168,0.43438","F, G, K, M, F8","09:00:03.97,09:00:03.9614","+11:18:58.98,+11:18:58.9713","-0.806","-0.459","22.637","231.554","0.999583","5.00166"
"SDSSJ065258.59+292553.47","-9.61646","1.0206,0.60602","F, G, K, M, G5","06:52:58.59,06:52:58.5892","+29:25:53.47,+29:25:53.4597","-0.622","-1.565","-5.6276","231.394","0.999583","3.46308"
"SDSSJ000613.04+291353.34","-10.1704","0.8491,0.51851","F, G, K, M, G5","00:06:13.04,00:06:13.034","+29:13:53.34,+29:13:53.3366","-2.423","-3.749","-85.146","230.897","0.995283","6.2862"
"SDSSJ075101.46+375539.93","-11.3384","0.8183,0.27000","F, G, K, M, F2","07:51:01.46,07:51:01.4623","+37:55:39.93,+37:55:39.9209","0.199","-0.491","44.557","230.84","0.999483","8.83286"
"SDSSJ164601.29+205702.81","-10.0391","1.0814,0.59053","F, G, K, M, G8","16:46:01.29,16:46:01.2981","+20:57:02.81,+20:57:02.8204","1.469","-2.457","-37.556","230.665","0.999683","5.44616"
"SDSSJ093750.49+520739.33","-11.0037","0.7442,0.33713","F, G, K, M, F9","09:37:50.49,09:37:50.4938","+52:07:39.33,+52:07:39.2955","2.13","-1.455","-53.921","230.598","0.999583","3.70608"
"SDSSJ000727.58+260741.33","-8.25198","0.9350,0.56747","F, G, K, M, G8","00:07:27.58,00:07:27.5805","+26:07:41.33,+26:07:41.3203","-1.143","-5.646","-11.469","230.506","0.999683","1.58662"
"SDSSJ023431.41+284438.98","-10.1622","1.0200,0.47933","F, G, K, M","02:34:31.41,02:34:31.4201","+28:44:38.98,+28:44:38.9878","-0.4","-0.662","-57.72","230.457","0.999683","6.52772"
"Li13","-11.8","0.7521,0.37876","F, G, K, F0","06:39:34.38,06:39:34.3861","+28:09:12.8,+28:09:13.0744","0.11","15.04","15,-23.813","230.315","0.999683","5.5"
"SDSSJ064531.12+275042.42","-9.76421","1.0593,0.6037","F, G, K, M, G0","06:45:31.12,06:45:31.1252","+27:50:42.42,+27:50:42.4193","-0.001","-1.373","10.058","230.142","0.999683","3.27343"
"GaiaDR2 548946","-17.0563","1.9424","","07:50:32.5333","-53:24:01.2853","-0.908","4.537","129.16","229.995","0.999283","9.19852"
"SDSSJ112847.51+653746.44","-10.5605","0.8589,0.45712","F, G, K, M, G5","11:28:47.51,11:28:47.4956","+65:37:46.44,+65:37:46.4564","-3.988","-1.163","39.248","229.797","0.998683","6.89346"
"SDSSJ124043.01+671034.68","-4.92147","-0.2883","","12:40:43.01,12:40:42.964","+67:10:34.68,+67:10:34.4461","-180","-90","","229.474","0.999882","0.421031"
"SDSSJ072944.56+382459.95","-10.7953","0.8868,0.50140","F, G, K, M, G0","07:29:44.56,07:29:44.565","+38:24:59.95,+38:24:59.9042","-1.935","-4.883","151.51","229.406","0.999583","4.43895"
"SDSSJ065138.67+365934.81","-10.4351","0.8888,0.44301","F, G, K, M, G1","06:51:38.67,06:51:38.6672","+36:59:34.81,+36:59:34.759","0.416","-0.982","-11.371","229.321","0.999683","4.47964"
"SDSSJ001706.67+340346.40","-10.498","0.7761,0.3658","F, G, K, M","00:17:06.67,00:17:06.6594","+34:03:46.4,+34:03:46.3583","-2.762","-1.34","-53.614","229.293","0.999683","2.62864"
"SDSSJ082410.12+301833.52","-10.9422","0.8386,0.36594","F, G, K, M","08:24:10.12,08:24:10.1192","+30:18:33.52,+30:18:33.5067","-0.204","-0.884","-19.12","229.104","0.999583","7.0271"
"SDSSJ070025.61+300628.50","-10.5073","0.9056,0.54225","F, G, K, M, G5","07:00:25.61,07:00:25.6142","+30:06:28.5,+30:06:28.453","-0.879","-1.397","51.532","228.747","0.999583","4.4431"
"SDSSJ070132.92+124539.10","-10.5765","0.9097,0.45935","F, G, K, M, G0","07:01:32.92,07:01:32.9255","+12:45:39.1,+12:45:39.1395","-1.173","-1.16","29.042","228.38","0.999683","6.21723"
"SDSSJ010757.52+464259.66","-10.6594","0.8124,0.39864","F, G, K, M","01:07:57.52,01:07:57.5211","+46:42:59.66,+46:42:59.6341","-1.62","0.066","-118.29","228.347","0.998483","6.76412"
"SDSSJ085508.04+031505.41","-10.9442","0.7174,0.24484","F, G, K, M, M1","08:55:08.04,08:55:08.0318","+03:15:05.41,+03:15:05.3827","0.845","-0.661","54.698","228.304","0.976384","13.4741"
"SDSSJ070533.27+393721.42","-10.6492","0.7487,0.33165","F, G, K, M","07:05:33.27,07:05:33.2712","+39:37:21.42,+39:37:21.441","1.03","-0.892","-54.862","227.805","0.999483","5.52223"
"SDSSJ011935.66+010127.60","-10.3738","1.0473,0.52612","F, G, K, M, G8","01:19:35.66,01:19:35.6656","+01:01:27.6,+01:01:27.5827","3.803","0.229","31.18","227.413","0.999683","5.18821"
"SDSSJ092843.92+220642.44","-9.85919","0.9823,0.57164","F, G, K, M, G8","09:28:43.92,09:28:43.921","+22:06:42.44,+22:06:42.4164","-1.617","-1.476","-8.7137","226.996","0.999782","4.2077"
"SDSSJ183614.43+214528.91","-9.85536","1.2441,-0.08844","F, G, K, M, G9","18:36:14.43,18:36:14.4455","+21:45:28.91,+21:45:28.7695","-2.587","-4.329","14.443","226.843","0.999683","4.60572"
"SDSSJ081932.03+001947.36","-10.1838","0.65442","F, G, K, M, F9","08:19:32.03,08:19:32.0325","+00:19:47.36,+00:19:47.2562","0.813","-1.504","-7.5038","226.706","0.999782","6.09621"
"GaiaDR2 530401","-17.8762","2.0295","","09:10:44.6378","-56:44:10.2643","-2.551","2.712","122.46","226.14","0.993184","12.5852"
"SDSSJ064716.52+284807.14","-11.3914","0.8972,0.49308","F, G, K, M, G0","06:47:16.52,06:47:16.529","+28:48:07.14,+28:48:07.143","-1.13","-2.6","-7.2031","225.662","0.999583","2.98142"
"SDSSJ072836.28+343351.93","-10.8334","0.8336,0.46130","F, G, K, M, K0","07:28:36.28,07:28:36.2885","+34:33:51.93,+34:33:51.8991","0.196","-0.831","-12.021","225.646","0.999683","7.81735"
"SDSSJ073849.89+415907.92","-10.4584","1.0097,0.57245","F, G, K, M, K0","07:38:49.89,07:38:49.8912","+41:59:07.92,+41:59:08.015","3.461","-1.821","-37.88","225.604","0.999583","2.58116"
"GaiaDR2 530391","-17.4141","1.9009","","09:03:31.2198","-57:26:01.8146","-2.298","2.572","108.09","225.57","0.998083","12.8068"
"SDSSJ061841.20+644628.63","-9.68173","1.2475,0.79651","F, G, K, M, K0","06:18:41.2,06:18:41.2071","+64:46:28.63,+64:46:28.6389","0.465","0.008","-67.705","225.292","0.999583","3.63517"
"SDSSJ082225.17+334430.61","-10.5298","0.8580,0.45232","F, G, K, M, G1","08:22:25.17,08:22:25.1646","+33:44:30.61,+33:44:30.6515","-1.175","-1.198","32.328","224.732","0.999583","4.96835"
"SDSSJ074722.67+283724.79","-10.1311","1.0066,0.68388","F, G, K, M, K0","07:47:22.67,07:47:22.6669","+28:37:24.79,+28:37:24.7261","-1.384","-1.456","39.297","224.26","0.999782","4.63932"
"SDSSJ003650.58+065828.59","-10.4884","0.9999,0.57032","F, G, K, M, G5","00:36:50.58,00:36:50.5929","+06:58:28.59,+06:58:28.6065","3.504","-5.234","28.603","224.079","0.999782","1.73687"
"SDSSJ070432.74+284331.30","-10.7677","0.5830,0.32260","F, G, K, M, F6","07:04:32.74,07:04:32.7359","+28:43:31.3,+28:43:31.3625","0.069","-0.709","27.392","223.737","0.999483","7.86929"
"SDSSJ110316.01+380029.06","-9.59227","1.1022,0.69658","F, G, K, M, K1","11:03:16.01,11:03:16.0065","+38:00:29.06,+38:00:29.1021","-6.412","-2.217","-18.763","223.353","0.999782","1.50844"
"SDSSJ074317.75+191459.14","-9.92613","0.8612,0.55126","F, G, K, M, G8","07:43:17.75,07:43:17.7509","+19:14:59.14,+19:14:59.1106","-1.047","-0.958","62.672","223.237","0.999782","6.07469"
"Pal14","-10.1819","0.9167,0.54002","F, G, K, M, G0","22:59:12.13,22:59:12.1268","+07:43:56.53,+07:43:56.5,+07:43:56.5266","-0.9","-1.3","-97.8,-112.71","222.922","0.997883","5.32902"
"SDSSJ072331.00+374628.22","-10.8494","0.9807,0.36133","F, G, K, M, F8","07:23:31,07:23:31.0113","+37:46:28.22,+37:46:28.228","0.601","-0.683","-26.054","222.893","0.991584","10.676"
"SDSSJ064443.12+274626.59","-10.2751","0.8643,0.51064","F, G, K, M, G0","06:44:43.12,06:44:43.1228","+27:46:26.59,+27:46:26.5857","0.332","-1.223","7.8213","222.815","0.999683","4.4386"
"SDSSJ075408.99+191118.42","-10.0319","1.0309,0.58267","F, G, K, M, K0","07:54:08.99,07:54:08.989","+19:11:18.42,+19:11:18.3898","0.092","-0.956","10.933","222.451","0.999782","6.29039"
"SDSSJ003030.11+142549.36","-10.0344","0.9656,0.54034","F, G, K, M, G1","00:30:30.11,00:30:30.115","+14:25:49.36,+14:25:49.3268","-0.154","-0.665","-43.843","222.29","0.999683","3.99098"
"SDSSJ091949.61-000413.6","-2.869","3.9677,1.63145","M7, M2","09:19:49.61,09:19:49.6776","-00:04:13.6,-00:04:15.7019","185.1","-159.8","-50.7,-2.3777","222.084","0.999782","0.0724"
"BD+09 3223","-15.4198","0.9484,0.532897","","16:33:35.5816,16:33:35.5473","+09:06:16.307,+09:06:14.6568","-32.774","-106.519","67.3,67.78","221.773","0.999782","0.602816"
"SDSSJ082648.83+362414.55","-10.7729","0.7806,0.37144","F, G, K, M, F8","08:26:48.83,08:26:48.8292","+36:24:14.55,+36:24:14.5756","1.157","-1.542","-9.8958","221.558","0.999782","4.04363"
"SDSSJ063344.83+274319.62","-8.74862","1.2581,0.70372","F, G, K, M, G3","06:33:44.83,06:33:44.8309","+27:43:19.62,+27:43:19.6","-0.302","-3.095","61.074","221.097","0.999782","2.3112"
"SDSSJ012336.43+393656.01","-8.29512","1.0058,0.73332","F, G, K, M, K2","01:23:36.43,01:23:36.4213","+39:36:56.01,+39:36:55.9722","-2.248","-2.608","-66.378","220.449","0.999683","2.22399"
"SDSSJ070723.06+304340.66","-11.7075","0.7619,0.35482","F, G, K, M","07:07:23.06,07:07:23.055","+30:43:40.66,+30:43:40.6404","1.011","-1.155","10.638","220.227","0.999782","4.40259"
"SDSSJ073643.79+315016.42","-9.8496","1.1992,0.80791","F, G, K, M, K3","07:36:43.79,07:36:43.7947","+31:50:16.42,+31:50:16.3537","0.13","-3.688","-14.125","220.046","0.999782","1.99534"
"SDSSJ071539.69+391306.21","-10.82","0.8557,0.42787","F, G, K, M, F9","07:15:39.69,07:15:39.689","+39:13:06.21,+39:13:06.1635","1.267","-1.968","-75.644","219.99","0.999583","4.38741"
"SDSSJ070126.09+294925.06","-11.3551","0.8809,0.49188","F, G, K, M, G0, F9","07:01:26.09,07:01:26.0874","+29:49:25.06,+29:49:25.0416","0.556","-1.827","-11.392,-18.565","219.932","0.999782","3.86547"
"SDSSJ215946.78+004400.23","-9.98593","1.0572,0.64865","F, G, K, M, K1","21:59:46.78,21:59:46.777","+00:44:00.23,+00:44:00.12","-7.902","-6.39","-48.288","219.305","0.999782","2.71218"
"SDSSJ213616.03+745923.91","-10.1101","1.4156,0.92370","F, G, K, M, G5","21:36:16.03,21:36:16.0105","+74:59:23.91,+74:59:23.9306","-4.932","-0.826","-50.263","219.245","0.999782","1.56347"
"SDSSJ072334.82+403014.50","-10.9701","0.7681,0.33723","F, G, K, M","07:23:34.82,07:23:34.8232","+40:30:14.5,+40:30:14.5029","-1.128","-1.414","18.78","218.579","0.999283","8.48078"
"SDSSJ082249.67+461416.29","-11.1344","0.7904,0.31595","F, G, K, M, F5","08:22:49.67,08:22:49.671","+46:14:16.29,+46:14:16.2386","0.216","-0.791","12.706","218.269","0.999782","9.02247"
"SDSSJ065126.35+281237.57","-11.3124","0.8049,0.42045","F, G, K, M, F8","06:51:26.35,06:51:26.3506","+28:12:37.57,+28:12:37.5745","0.753","-0.83","10.899","218.243","0.999583","6.80469"
"SDSSJ203453.67+151745.02","-9.5185","1.0823,0.59580","F, G, K, M, K0","20:34:53.67,20:34:53.6698","+15:17:45.02,+15:17:44.937","-2.179","-2.28","-17.277","218.067","0.999782","5.15173"
"SDSSJ080536.09-065908.68","-8.52197","1.0585,0.59088","F, G, K, M, K0","08:05:36.09,08:05:36.0841","-06:59:08.68,-06:59:08.7465","-1.87","-0.998","46.217","215.56","0.999782","2.12079"
"SDSSJ070500.87+124738.14","-10.6584","0.8474,0.37532","F, G, K, M, F9","07:05:00.87,07:05:00.8733","+12:47:38.14,+12:47:38.1337","0.381","-0.795","57.046","214.748","0.999782","4.42489"
"SDSSJ005833.75+003508.71","-10.7721","0.8103,0.39830","F, G, K, M, F9","00:58:33.75,00:58:33.7422","+00:35:08.71,+00:35:08.6813","-1.452","-4.081","-33.066","214.37","0.999782","4.04221"
"SDSSJ173241.12+090358.50","-9.68368","0.9210,0.55262","F, G, K, M, G1","17:32:41.12,17:32:41.1138","+09:03:58.5,+09:03:58.377","-6.197","-9.208","41","214.063","0.994383","4.90882"
"SDSSJ203608.79+151728.35","-10.8094","1.0597,0.64244","F, G, K, M, K0","20:36:08.79,20:36:08.7902","+15:17:28.35,+15:17:28.2868","-4.443","-5.371","-40.161","213.356","0.999383","5.86362"
"GaiaDR2 207986","-17.4334","1.7771","","19:41:18.6917","+45:02:29.7908","-2.29","-4.337","-207.88","211.915","0.998483","10.5002"
"SDSSJ074335.68+220616.73","-10.8076","0.9649,0.53500","F, G, K, M, G8","07:43:35.68,07:43:35.679","+22:06:16.73,+22:06:16.7012","0.861","-2.278","11.825","211.764","0.999782","3.27856"
"SDSSJ045649.71-052107.43","-11.4214","0.7420,0.32789","F, G, K, M","04:56:49.71,04:56:49.7069","-05:21:07.43,-05:21:07.375","0.178","-1.199","42.523","211.566","0.999683","5.50237"
"SDSSJ075658.96+180737.83","-9.69376","1.1638,0.74503","F, G, K, M, K2","07:56:58.96,07:56:58.9569","+18:07:37.83,+18:07:37.8338","-3.148","-3.411","53.676","210.652","0.999782","2.21238"
"SDSSJ021739.93+000937.94","-9.34178","1.3676,0.94093","F, G, K, M, K5","02:17:39.93,02:17:39.9306","+00:09:37.94,+00:09:37.9834","1.198","-3.346","12.849","210.444","0.999782","2.92752"
"SDSSJ202021.64+140742.90","-10.7255","1.0742,0.56964","F, G, K, M, G5","20:20:21.64,20:20:21.6396","+14:07:42.9,+14:07:42.7898","-2.11","-6.837","-11.754","209.327","0.999383","5.12083"
"SDSSJ100636.50+451652.40","-10.6824","0.9221,0.48888","F, G, K, M, G8","10:06:36.5,10:06:36.4998","+45:16:52.4,+45:16:52.3936","-5.442","-2.519","-25.432","208.612","0.999583","5.45432"
"SDSSJ031208.74+423108.62","-10.2862","0.7614,0.64604","F, G, K, M, F8","03:12:08.74,03:12:08.7422","+42:31:08.62,+42:31:08.6194","0.538","-1.059","-61.948","208.523","0.999683","4.14427"
"SDSSJ075243.74+355306.45","-10.9943","0.8642,0.32852","F, G, K, M, F6","07:52:43.74,07:52:43.7362","+35:53:06.45,+35:53:06.4055","1.143","-1.005","30.485","207.371","0.999483","9.62338"
"SDSSJ072427.09+403554.18","-10.9986","0.8060,0.34762","F, G, K, M","07:24:27.09,07:24:27.091","+40:35:54.18,+40:35:54.1773","0.432","-1.311","-29.405","206.995","0.999683","7.48328"
"Pal1","-10.4196","1.0278,0.66395","F, G, K, M, K0","06:03:06.77,06:03:06.8069","+82:58:29.2,+82:58:29.1,+82:58:29.2156","3.961","1.975","-76,-85.325","206.929","0.999782","4.01907"
"SDSSJ080132.31+095111.59","-10.9623","0.7778,0.36434","F, G, K, M","08:01:32.31,08:01:32.3113","+09:51:11.59,+09:51:11.6321","0.837","-0.747","36.398","206.391","0.998783","11.5085"
"SDSSJ030012.05+061433.53","-9.63044","1.1962,0.68195","F, G, K, M, G5","03:00:12.05,03:00:12.0498","+06:14:33.53,+06:14:33.4383","0.375","-2.483","-11.748","206.008","0.999782","5.2765"
"SDSSJ010922.05+454520.81","-10.7518","0.8514,0.49096","F, G, K, M, F9","01:09:22.05,01:09:22.0543","+45:45:20.81,+45:45:20.8268","0.192","-1.208","-48.41","205.578","0.999782","6.26125"
"SDSSJ011957.58+243941.89","-9.77471","0.9851,0.57867","F, G, K, M, G5","01:19:57.58,01:19:57.581","+24:39:41.89,+24:39:41.8968","0.194","-2.723","-28.034","205.383","0.999782","5.31132"
"SDSSJ062625.69+270008.36","-9.22223","1.0023,0.77287","F, G, K, M, G5","06:26:25.69,06:26:25.6898","+27:00:08.36,+27:00:08.3343","0.787","-2.649","17.504","205.219","0.999782","3.42464"
"SDSSJ070442.41+122720.32","-10.9734","0.8434,0.45569","F, G, K, M, G0","07:04:42.41,07:04:42.4119","+12:27:20.32,+12:27:20.3012","0.19","-1.895","59.713","204.358","0.999782","3.2125"
"SDSSJ071351.68+392946.37","-9.61368","0.6700,0.52408","F, G, K, M, G5","07:13:51.68,07:13:51.6754","+39:29:46.37,+39:29:46.3272","-1.699","-3.539","51.664","204.157","0.999683","5.7414"
"SDSSJ070555.14+133525.75","-10.7904","0.7443,0.29883","F, G, K, M","07:05:55.14,07:05:55.1324","+13:35:25.75,+13:35:25.7144","-0.374","-1.26","88.185","203.971","0.999782","5.44928"
"SDSSJ030053.81+344528.81","-9.97509","1.0837,0.60817","F, G, K, M, F9","03:00:53.81,03:00:53.8114","+34:45:28.81,+34:45:28.8349","0.624","-2.123","-23.508","203.59","0.999782","5.23931"
"SDSSJ073123.11+161628.13","-9.4979","0.7597,0.66992","F, G, K, M, K0","07:31:23.11,07:31:23.1125","+16:16:28.13,+16:16:28.1199","2.401","-2.092","23.974","203.29","0.999782","3.59548"
"SDSSJ082324.46+160507.22","-10.6462","0.8590,0.42767","F, G, K, M, G1","08:23:24.46,08:23:24.4619","+16:05:07.22,+16:05:07.1838","0.186","-3.721","-45.657","203.133","0.999683","6.01908"
"GaiaDR2 405736","-11.7329","","","17:54:00.1027","-28:42:27.7697","-3.065","-3.058","","198.006","0.999882","2.78436"
"SDSSJ074344.91+182640.94","-10.9118","0.6490,0.31176","F, G, K, M","07:43:44.91,07:43:44.9058","+18:26:40.94,+18:26:40.9155","-0.896","-1.671","22.627","197.598","0.998783","11.6124"
"Li3","-11.7375","0.5911,0.21286","F, G, K","13:24:22.3,13:24:22.2892","+31:28:41.6,+31:28:41.3905","-24.35","-27.53","-23","195.671","0.996183","2.67688"
"SDSSJ233657.12-002138.79","-11.6659","0.7990,0.38052","F, G, K, M, F7","23:36:57.12,23:36:57.1243","-00:21:38.79,-00:21:38.9949","0.067","-13.97","-218.48","195.305","0.986484","4.44016"
"SDSSJ065412.40+292304.90","-10.2952","1.0391,0.59192","F, G, K, M, G5","06:54:12.4,06:54:12.3999","+29:23:04.9,+29:23:04.9035","0.723","-3.205","-5.6074","195.181","0.999782","3.74306"
"SDSSJ082552.41-000847.20","-11.1158","0.7942,0.30603","F, G, K, M, F5","08:25:52.41,08:25:52.4143","-00:08:47.2,-00:08:47.2379","-1.28","-0.731","96.575","194.884","0.996183","10.5118"
"GaiaDR2 210180","-17.3937","1.8954","","19:22:14.4882","+41:36:30.1696","-2.318","-3.927","-111.1","192.324","0.999683","9.18746"
"SDSSJ075209.71+273214.34","-10.9321","0.7209,0.28468","F, G, K, M, G0","07:52:09.71,07:52:09.7093","+27:32:14.34,+27:32:14.3473","-0.118","-1.935","2.9423","184.361","0.999782","8.60663"
"SDSSJ201903.50+605636.89","-9.76745","1.0689,0.52903","F, G, K, M, F8","20:19:03.5,20:19:03.5006","+60:56:36.89,+60:56:36.8509","-1.495","-4.153","-133.52","180.191","0.999683","4.28252"
"GaiaDR2 406304","-9.52382","","","18:06:51.0883","-27:18:16.3057","-3.749","-3.545","","177.368","0.999683","4.06408"
"GaiaDR2 406509","-12.3786","","","18:16:31.9556","-25:27:33.8448","-1.162","-9.532","","176.486","0.974284","7.76439"
"SDSSJ192601.70+383506.80","-10.9107","0.8616,0.49294","F, G, K, M, G0","19:26:01.7,19:26:01.6992","+38:35:06.8,+38:35:06.6621","-2.756","-5.161","-104.61","171.15","0.999782","5.86705"
"SDSSJ220348.52-010128.84","-8.91553","1.3427,0.87172","F, G, K, M, K5","22:03:48.52,22:03:48.5364","-01:01:28.84,-01:01:28.8234","","","10.394","168.967","0.999977","1.40986"
"GaiaDR2 593217","-13.4957","0.9875","","16:16:28.344,16:16:28.3439","-54:26:25.62,-54:26:25.6287","-2.676","-4.991","","166.688","0.999977","2.20417"
"SDSSJ232939.29+493558.21","-9.21378","0.8959,0.48020","F, G, K, M, F8","23:29:39.29,23:29:39.2832","+49:35:58.21,+49:35:58.2994","","","-64.577","161.58","0.999977","2.41476"
"GaiaDR2 412150","-11.0073","1.2656","","17:34:36.4612","-19:53:21.768","-6.253","-4.801","","156.813","0.987784","7.83137"
"SDSSJ110404.21+021650.31","-10.9234","0.9794,0.58083","F, G, K, M, G8","11:04:04.21,11:04:04.2018","+02:16:50.31,+02:16:50.3318","-4.655","-3.139","176.09","152.596","0.994283","7.74581"
"GaiaDR2 411975","-10.7513","1.7021","","17:41:19.3969","-20:05:15.8397","-1.271","-7.077","","146.571","0.996383","6.11725"
"GaiaDR2 182093","-14.8302","1.708","","19:45:33.4534","+17:12:50.4788","-2.329","-7.408","","139.553","0.997483","7.52335"
"SDSSJ112714.55-005301.33","-10.485","0.9282,0.58642","F, G, K, M, K0","11:27:14.55,11:27:14.5445","-00:53:01.33,-00:53:01.4244","-4.686","-2.537","166.41","138.311","0.999683","6.596"
"SDSSJ104558.18-004855.54","-11.2457","1.1258,0.56338","F, G, K, M, G8","10:45:58.18,10:45:58.1719","-00:48:55.54,-00:48:55.5525","-3.773","-3.114","111.38","134.035","0.996283","8.58149"
"SDSSJ123436.68-000558.61","-9.94451","0.9489,0.5133","F, G, K, M, G8","12:34:36.68,12:34:36.6777","-00:05:58.61,-00:05:58.7176","-6.874","-5.584","26.2","133.043","0.998983","5.31082"
"SDSSJ173132.55+352937.44","-10.4659","0.8164,0.45921","F, G, K, M, G1","17:31:32.55,17:31:32.5449","+35:29:37.44,+35:29:37.4108","-4.239","-6.875","-254.76","131.436","0.995383","5.51388"
"SDSSJ005352.32-010539.37","-10.2578","0.8060,0.35972","F, G, K, M, G0","00:53:52.32,00:53:52.3244","-01:05:39.37,-01:05:39.3654","5.08","-3.726","-24.749","129.545","0.999383","5.91353"
"Pal18","-9.84266","1.0304,0.53732","G, K, G7","16:59:56.02,16:59:56.0266","+39:24:14.9,+39:24:14.8443","1.8","-28.6","-205.1,-216.55","122.486","0.998583","4.95193"
"SDSSJ100054.80+004357.35","-10.1718","0.9121,0.47447","F, G, K, M, G0","10:00:54.8,10:00:54.8008","+00:43:57.35,+00:43:57.2565","","","40.711","118.608","0.999977","7.92048"
"SDSSJ104613.69-002513.53","-10.5017","0.6627,0.37648","F, G, K, M","10:46:13.69,10:46:13.6908","-00:25:13.53,-00:25:13.6389","-1.721","-2.877","190.81","116.251","0.998483","8.03048"
"GaiaDR2 406294","-12.7773","1.6442","","18:05:26.8678","-27:30:30.0133","-2.326","-3.401","","114.238","0.999977","7.97719"
"SDSSJ103026.65+080707.69","-10.018","0.9752,0.50752","F, G, K, M, G5","10:30:26.65,10:30:26.6446","+08:07:07.69,+08:07:07.6062","-2.386","-7.757","195.3","108.651","0.999483","4.80665"
"SDSSJ092504.84+190140.91","-10.589","0.8341,0.41907","F, G, K, M, G0","09:25:04.84,09:25:04.8412","+19:01:40.91,+19:01:40.9423","","","-9.1041","107.409","0.999977","5.80872"
"SDSSJ131238.82+393312.13","-9.83292","0.8582,0.52952","F, G, K, M, G5","13:12:38.82,13:12:38.8226","+39:33:12.13,+39:33:12.0638","-4.458","-4.363","-94.458","107.315","0.997983","6.96508"
"GaiaDR2 405247","-13.3774","1.5326","","18:12:21.8677","-27:29:27.5903","-1.965","-6.366","","106.276","0.995883","8.12595"
"SDSSJ033730.09+002025.04","-9.77053","1.0212,0.50771","F, G, K, M","03:37:30.09,03:37:30.0899","+00:20:25.04,+00:20:24.9701","7.9","-7.594","28.299","105.797","0.991084","5.18035"
"SDSSJ012925.63-005902.43","-10.5384","0.8554,0.46443","F, G, K, M, G6","01:29:25.63,01:29:25.636","-00:59:02.43,-00:59:02.5777","7.113","-10.087","-80.397","92.7942","0.997083","4.63353"
"SDSSJ131425.40+415004.09","-10.7006","0.8968,0.48074","F, G, K, M, G8","13:14:25.4,13:14:25.3945","+41:50:04.09,+41:50:03.9836","-6.598","-6.763","-109.6","92.1164","0.999683","5.55122"
"SDSSJ093913.73+382905.11","-9.82637","0.9491,0.51131","F, G, K, M, G5","09:39:13.73,09:39:13.736","+38:29:05.11,+38:29:05.0286","-0.884","-11.511","24.998","90.5228","0.998883","3.7107"
"TYC 3330-120-1","-11.78","0.42752","","03:46:50.5167","+48:32:14.775","","","-24.12","89.2163","0.999977","0.571"
"SDSSJ160720.20+372933.41","-11.2757","0.7859,0.35512","F, G, K, M, F9","16:07:20.2,16:07:20.1867","+37:29:33.41,+37:29:33.3442","-2.863","-2.419","-154.94","79.4873","0.999782","9.62947"
"SDSSJ092426.67+230304.36","-9.6583","1.2252,0.57086","F, G, K, M, K0","09:24:26.67,09:24:26.6622","+23:03:04.36,+23:03:04.4197","","","11.929","69.3988","0.999977","5.034"
"SDSSJ205316.53-010616.55","-10.1902","0.48343","F, G, K, M, M2","20:53:16.53,20:53:16.4805","-01:06:16.55,-01:06:16.5464","","","-100.12","64.7818","0.999977","5.0151"
"SDSSJ070657.47+122724.97","-10.3834","0.8657,0.41289","F, G, K, M, G0","07:06:57.47,07:06:57.4676","+12:27:24.97,+12:27:24.9305","","","44.072","63.4667","0.999977","3.11054"
"SDSSJ105300.43-002548.41","-9.4468","1.1274,0.60596","F, G, K, M, G5","10:53:00.43,10:53:00.4311","-00:25:48.41,-00:25:48.4405","","","182.84","34.6312","0.999977","4.65144"
"SDSSJ092625.59+200758.80","-10.3848","0.8669,0.42239","F, G, K, M, G2","09:26:25.59,09:26:25.585","+20:07:58.8,+20:07:58.755","","","63.632","29.7482","0.999977","5.04902"
"GaiaDR2 405070","","","","18:13:52.1603","-28:01:48.8664","","","","","",""
"GaiaDR2 405075","","","","18:10:42.9763","-28:36:30.8372","","","","","",""
"GaiaDR2 406327","","","","18:07:41.9931","-26:46:19.5188","","","","","",""
"GaiaDR2 406895","","1.7811","","17:46:29.7474","-22:46:06.8207","","","","","",""
"GaiaDR2 411967","","","","17:43:25.6482","-20:35:59.0011","","","","","",""
"J0905+2510","","0.3343,-0.06326","K1","09:05:35.5491","+25:10:11.3138","","","340.43","","",""
"J1825-3757","","","","18:25:22.3313","-37:57:22.632","","","-47","","",""
"TYC 1071-404-1","","0.54621","","20:00:33.716","+09:21:12.77","","","-267.12","","",""
"TYC 2348-333-1","","","F4","03:10:04.4863","+34:50:51.187","","","205.26,212.55","","",""
"TYC 49-1326-1","","3.03335","","02:37:12.8561","+03:48:30.987","","","265.1","","",""
"TYC 9404-1260-1","","","","09:24:20.974","-80:31:21.298","","","-94.9","","",""